# ************************************************************
# Sequel Pro SQL dump
# Version 4541
#
# http://www.sequelpro.com/
# https://github.com/sequelpro/sequelpro
#
# Host: 127.0.0.1 (MySQL 5.7.24)
# Database: eapi
# Generation Time: 1440-07-14 09:31:42 +0000
# ************************************************************


/*!40101 SET @OLD_CHARACTER_SET_CLIENT=@@CHARACTER_SET_CLIENT */;
/*!40101 SET @OLD_CHARACTER_SET_RESULTS=@@CHARACTER_SET_RESULTS */;
/*!40101 SET @OLD_COLLATION_CONNECTION=@@COLLATION_CONNECTION */;
/*!40101 SET NAMES utf8 */;
/*!40014 SET @OLD_FOREIGN_KEY_CHECKS=@@FOREIGN_KEY_CHECKS, FOREIGN_KEY_CHECKS=0 */;
/*!40101 SET @OLD_SQL_MODE=@@SQL_MODE, SQL_MODE='NO_AUTO_VALUE_ON_ZERO' */;
/*!40111 SET @OLD_SQL_NOTES=@@SQL_NOTES, SQL_NOTES=0 */;


# Dump of table migrations
# ------------------------------------------------------------

DROP TABLE IF EXISTS `migrations`;

CREATE TABLE `migrations` (
  `id` int(10) unsigned NOT NULL AUTO_INCREMENT,
  `migration` varchar(255) COLLATE utf8mb4_unicode_ci NOT NULL,
  `batch` int(11) NOT NULL,
  PRIMARY KEY (`id`)
) ENGINE=InnoDB DEFAULT CHARSET=utf8mb4 COLLATE=utf8mb4_unicode_ci;

LOCK TABLES `migrations` WRITE;
/*!40000 ALTER TABLE `migrations` DISABLE KEYS */;

INSERT INTO `migrations` (`id`, `migration`, `batch`)
VALUES
	(1,'2014_10_12_000000_create_users_table',1),
	(2,'2014_10_12_100000_create_password_resets_table',1),
	(3,'2019_03_21_053145_create_products_table',1),
	(4,'2019_03_21_053601_create_reviews_table',1);

/*!40000 ALTER TABLE `migrations` ENABLE KEYS */;
UNLOCK TABLES;


# Dump of table password_resets
# ------------------------------------------------------------

DROP TABLE IF EXISTS `password_resets`;

CREATE TABLE `password_resets` (
  `email` varchar(255) COLLATE utf8mb4_unicode_ci NOT NULL,
  `token` varchar(255) COLLATE utf8mb4_unicode_ci NOT NULL,
  `created_at` timestamp NULL DEFAULT NULL,
  KEY `password_resets_email_index` (`email`)
) ENGINE=InnoDB DEFAULT CHARSET=utf8mb4 COLLATE=utf8mb4_unicode_ci;



# Dump of table products
# ------------------------------------------------------------

DROP TABLE IF EXISTS `products`;

CREATE TABLE `products` (
  `id` bigint(20) unsigned NOT NULL AUTO_INCREMENT,
  `name` varchar(255) COLLATE utf8mb4_unicode_ci NOT NULL,
  `detail` text COLLATE utf8mb4_unicode_ci NOT NULL,
  `price` int(11) NOT NULL,
  `stock` int(11) NOT NULL,
  `discount` int(11) NOT NULL,
  `created_at` timestamp NULL DEFAULT NULL,
  `updated_at` timestamp NULL DEFAULT NULL,
  PRIMARY KEY (`id`)
) ENGINE=InnoDB DEFAULT CHARSET=utf8mb4 COLLATE=utf8mb4_unicode_ci;

LOCK TABLES `products` WRITE;
/*!40000 ALTER TABLE `products` DISABLE KEYS */;

INSERT INTO `products` (`id`, `name`, `detail`, `price`, `stock`, `discount`, `created_at`, `updated_at`)
VALUES
	(1,'dolorum','Nihil est sit omnis. Non accusantium est eum eum. Dicta omnis et dolorum adipisci. Est consequuntur ut voluptas voluptatum est tenetur.',984,7,7,'2019-03-21 06:29:14','2019-03-21 06:29:14'),
	(2,'dolor','Nihil voluptatem quasi nam id voluptas sit soluta non. Eos voluptatem animi dolorem iusto omnis. Laborum tenetur eos et culpa quasi. Reiciendis autem excepturi ut at hic itaque eos.',841,3,23,'2019-03-21 06:29:14','2019-03-21 06:29:14'),
	(3,'voluptates','Et nobis placeat dolores. Et quis sed omnis sit qui. Dolor minus accusamus voluptatem est debitis mollitia laudantium.',660,5,15,'2019-03-21 06:29:14','2019-03-21 06:29:14'),
	(4,'in','Qui assumenda dolorum et totam qui in at. Earum accusantium doloribus sequi minima quae quia voluptatibus. Amet necessitatibus aut cumque. Dolores quia aperiam laudantium reiciendis molestiae.',285,9,7,'2019-03-21 06:29:14','2019-03-21 06:29:14'),
	(5,'recusandae','Adipisci iste odit et cupiditate nulla. Necessitatibus vitae maiores tempora harum.',255,9,21,'2019-03-21 06:29:14','2019-03-21 06:29:14'),
	(6,'itaque','Adipisci laborum doloremque dolores recusandae accusamus. Ut facilis laborum et iste. Voluptas et odit odit laudantium id minus recusandae natus.',512,2,26,'2019-03-21 06:29:14','2019-03-21 06:29:14'),
	(7,'quis','Eos id et inventore qui voluptatem. Qui provident quis officia quo minus quis. Corrupti sint sit aut sit animi. Id aperiam omnis doloremque mollitia.',704,7,7,'2019-03-21 06:29:14','2019-03-21 06:29:14'),
	(8,'maiores','Voluptatum quia mollitia et officia enim exercitationem. Labore velit nihil quia inventore possimus libero. Et ducimus molestiae dolores aut placeat. Rerum eos aperiam quae ipsa dolor consequatur qui.',472,6,17,'2019-03-21 06:29:14','2019-03-21 06:29:14'),
	(9,'error','Ut nobis accusamus magni recusandae et natus. Impedit dolores voluptatibus culpa rem. Eum nulla impedit est qui qui vero ipsum.',813,7,16,'2019-03-21 06:29:14','2019-03-21 06:29:14'),
	(10,'ut','Suscipit explicabo necessitatibus possimus laudantium cupiditate. Modi dolores aperiam minima minus beatae officiis mollitia. Quibusdam magni eveniet voluptatem reprehenderit soluta.',898,8,12,'2019-03-21 06:29:14','2019-03-21 06:29:14'),
	(11,'ut','Minima quis rerum nobis quisquam accusamus maxime laborum. Accusantium hic excepturi autem neque pariatur debitis eos. Aut doloribus eos itaque maiores ex rerum. Dolores dolores iste excepturi odio quod.',132,9,2,'2019-03-21 06:29:14','2019-03-21 06:29:14'),
	(12,'et','Non dolores voluptas ipsa inventore veniam earum qui porro. Assumenda dicta nihil ipsa id distinctio. Enim sed velit aut et quia excepturi. Et non vero nisi quod quia voluptatem quas.',644,3,10,'2019-03-21 06:29:14','2019-03-21 06:29:14'),
	(13,'vel','Id nihil id facere earum qui inventore ullam qui. Omnis aliquam nesciunt repellendus corrupti officia aut ut quae. Praesentium vitae ex in laboriosam perspiciatis voluptates. Consectetur aut aut aspernatur occaecati.',204,8,14,'2019-03-21 06:29:14','2019-03-21 06:29:14'),
	(14,'voluptas','Ea ullam autem perspiciatis quo doloremque est totam. Ratione a voluptatem accusamus eveniet magni voluptatum neque. Molestiae veniam aspernatur optio adipisci. Dolore enim labore a repudiandae accusamus ut.',527,0,5,'2019-03-21 06:29:14','2019-03-21 06:29:14'),
	(15,'deleniti','Eos consequuntur voluptatem odit neque et. Iste accusantium illo aut est quae. Laboriosam tempora eveniet enim vitae architecto facilis. Expedita sapiente qui quam eaque cum provident dolores.',213,8,23,'2019-03-21 06:29:14','2019-03-21 06:29:14'),
	(16,'quo','Provident error qui animi aut. Necessitatibus laborum et nam minus libero qui quisquam. Et dolore officia consectetur esse. Incidunt fuga molestiae hic enim nihil.',731,8,7,'2019-03-21 06:29:14','2019-03-21 06:29:14'),
	(17,'omnis','Dignissimos vitae voluptatem dolorem at et. Commodi voluptas ut velit illum delectus eligendi. Tempora deserunt id incidunt.',852,2,19,'2019-03-21 06:29:14','2019-03-21 06:29:14'),
	(18,'debitis','Voluptatem quam quia ipsa omnis. Odio quia quia temporibus similique est voluptas. Natus explicabo rerum ut dolore qui et.',180,5,28,'2019-03-21 06:29:14','2019-03-21 06:29:14'),
	(19,'tenetur','Eos molestiae tenetur ab modi. Accusantium ab ducimus nihil repellendus. Et accusamus laborum voluptatem enim.',599,6,22,'2019-03-21 06:29:14','2019-03-21 06:29:14'),
	(20,'dolore','Sed molestias perferendis dolor labore voluptas sint qui. Et culpa mollitia magnam maxime veritatis ut illum. Quasi quidem quidem minus. Occaecati fugit consequatur quos porro.',825,7,4,'2019-03-21 06:29:14','2019-03-21 06:29:14'),
	(21,'explicabo','Tempora dolor error impedit corrupti eius tempora. Vitae autem incidunt totam quam. Fuga quia officia laudantium odio.',180,5,3,'2019-03-21 06:29:14','2019-03-21 06:29:14'),
	(22,'ducimus','Repellat voluptatem provident suscipit soluta. Vero rerum rerum et sit. Corrupti nemo eius minus et. Molestiae magni rerum repellendus est et delectus sint perspiciatis.',216,4,4,'2019-03-21 06:29:14','2019-03-21 06:29:14'),
	(23,'sint','Laudantium fuga dolor vitae eius. Laudantium amet cumque velit harum doloremque iusto. Dolorem ipsum omnis cupiditate autem provident repellat expedita. Quasi et dolor tempora odio.',670,7,27,'2019-03-21 06:29:14','2019-03-21 06:29:14'),
	(24,'a','Voluptas facilis sunt et recusandae voluptate voluptatum. Maxime eum quam dignissimos necessitatibus excepturi commodi. Nulla aut quia facilis. Corporis expedita omnis delectus dolorem officia et ut.',943,3,6,'2019-03-21 06:29:14','2019-03-21 06:29:14'),
	(25,'modi','Ut et est in et quibusdam et numquam. Quo amet eum sint error. Est ipsa alias maiores saepe et. Et aut blanditiis odit perspiciatis quae dignissimos.',352,4,10,'2019-03-21 06:29:14','2019-03-21 06:29:14'),
	(26,'debitis','Quisquam ipsum consequatur amet deleniti aliquam et. Non cum ea asperiores sint est iure. Blanditiis natus minus fugiat amet eligendi corrupti ut consequuntur. Nam aut eius dicta id.',530,3,8,'2019-03-21 06:29:14','2019-03-21 06:29:14'),
	(27,'minima','Est provident amet quidem consectetur et et hic. Rerum eum et sunt qui. Repellat in veritatis iusto et.',735,5,7,'2019-03-21 06:29:14','2019-03-21 06:29:14'),
	(28,'minima','Architecto voluptates ipsum doloremque sunt. Error veniam quas provident nesciunt rerum. Saepe explicabo quia deleniti qui est dolorem consequatur. Aut sed sint voluptas dolores.',662,7,13,'2019-03-21 06:29:14','2019-03-21 06:29:14'),
	(29,'voluptatum','Ut sapiente fugiat hic quo. Molestias doloribus non corporis accusantium vero debitis exercitationem. Sed quasi aut quis minus occaecati quasi. Ut qui qui cumque quia velit aut recusandae dolorum.',701,2,16,'2019-03-21 06:29:14','2019-03-21 06:29:14'),
	(30,'ex','Nesciunt velit neque earum fugit repellat. Quis aut temporibus dolorum amet aspernatur eos. Sed inventore perspiciatis et omnis atque adipisci dolores.',167,3,4,'2019-03-21 06:29:14','2019-03-21 06:29:14'),
	(31,'tenetur','Laudantium ipsum delectus numquam impedit. Eaque et ad temporibus illo.',619,2,9,'2019-03-21 06:29:14','2019-03-21 06:29:14'),
	(32,'doloribus','Perferendis quaerat non ipsa dolorem est beatae totam. Maiores alias eos beatae expedita rerum. Dolores nulla enim magni expedita. Dolorem eum rerum nisi rerum ipsum.',434,7,21,'2019-03-21 06:29:14','2019-03-21 06:29:14'),
	(33,'nulla','Vel illo fugiat quidem omnis amet in. Nihil est ab ut laudantium nemo quia modi architecto. Saepe quia iste sapiente accusantium aut dolor. Omnis et in reprehenderit quia in.',360,3,15,'2019-03-21 06:29:14','2019-03-21 06:29:14'),
	(34,'eius','Deleniti totam maxime voluptate incidunt fuga. Recusandae est modi numquam velit. Velit est sit consequatur consequatur.',247,4,23,'2019-03-21 06:29:14','2019-03-21 06:29:14'),
	(35,'incidunt','Sequi laboriosam molestias ex id eaque fugiat. Nihil maxime ut quos. Omnis sequi veniam repudiandae explicabo.',106,0,11,'2019-03-21 06:29:14','2019-03-21 06:29:14'),
	(36,'id','Necessitatibus et occaecati quos maxime accusantium ratione dignissimos. Placeat repellendus omnis cum molestias magni. Ipsam voluptatem ullam inventore nihil. Assumenda perspiciatis est error quo.',313,4,3,'2019-03-21 06:29:14','2019-03-21 06:29:14'),
	(37,'quia','Aliquid error ab illo in ut. Vitae occaecati et rem fugiat. Quae voluptas nulla beatae laboriosam omnis. Temporibus totam eveniet maiores omnis.',147,0,6,'2019-03-21 06:29:14','2019-03-21 06:29:14'),
	(38,'iure','Vero est et qui nemo et porro dolor. Laboriosam reprehenderit possimus aspernatur. Quia aut voluptatibus molestiae qui quasi earum.',522,4,18,'2019-03-21 06:29:14','2019-03-21 06:29:14'),
	(39,'possimus','Officiis qui voluptate tempore. Esse quia perferendis aut beatae facilis. Dolores praesentium doloribus quasi fuga delectus odit. Nisi eum ipsa non quasi voluptatem sed atque.',245,9,10,'2019-03-21 06:29:14','2019-03-21 06:29:14'),
	(40,'consequuntur','Voluptatem omnis repellendus consequuntur velit quia. Ipsam voluptas assumenda recusandae quis. Esse est deserunt modi. Sit distinctio cumque et. Quia quia laudantium et voluptatem cupiditate.',260,9,10,'2019-03-21 06:29:14','2019-03-21 06:29:14'),
	(41,'qui','Porro eum facere minus omnis. Aut aliquam incidunt porro. Eaque ullam nostrum perspiciatis non et.',373,8,25,'2019-03-21 06:29:14','2019-03-21 06:29:14'),
	(42,'in','Perferendis occaecati blanditiis est dolore. Non asperiores natus commodi vero ut qui. Reprehenderit qui odit fugiat maiores error saepe enim qui. Exercitationem quae quia molestiae repudiandae animi tempore.',672,2,19,'2019-03-21 06:29:14','2019-03-21 06:29:14'),
	(43,'dolor','Quia autem placeat facilis perferendis ex vitae quis. Aut accusantium praesentium sunt voluptates quidem quia rerum ut. Consequatur qui quasi et qui. Placeat architecto minus suscipit minima architecto quis aut.',295,9,6,'2019-03-21 06:29:14','2019-03-21 06:29:14'),
	(44,'vel','Quibusdam et quas quae aperiam nostrum. Quis ut sit odio ut enim iste quia. Aut esse iste et quo et. Quisquam aut pariatur sed eaque.',726,8,3,'2019-03-21 06:29:14','2019-03-21 06:29:14'),
	(45,'quibusdam','Temporibus et et fugiat doloribus consectetur explicabo deleniti. Veritatis eaque est eligendi architecto veritatis ipsam. Nam itaque ratione quia assumenda illum natus. Aperiam recusandae non aut quis eos laborum. Qui debitis at dolor laudantium consequatur inventore sed.',876,1,14,'2019-03-21 06:29:14','2019-03-21 06:29:14'),
	(46,'et','Voluptates doloremque laboriosam ducimus ratione. Nobis aliquid earum excepturi amet. Nisi at fugit quis unde velit quo quos. Omnis dolor cupiditate aut quaerat illum error dolorem.',303,8,26,'2019-03-21 06:29:14','2019-03-21 06:29:14'),
	(47,'tempora','Vitae dolore et facere ipsum minus. Vel doloribus debitis et ut ullam eveniet laborum. Perspiciatis consequuntur ipsa in facilis aliquid cumque aut. Reiciendis quidem et nostrum doloremque aut.',611,9,23,'2019-03-21 06:29:14','2019-03-21 06:29:14'),
	(48,'vel','Animi qui eius saepe non ut. Deleniti accusamus aut quaerat mollitia doloremque eius odio omnis. Nihil laboriosam recusandae non id non omnis quis. Quia omnis consequatur saepe consectetur sunt blanditiis sed.',777,9,2,'2019-03-21 06:29:14','2019-03-21 06:29:14'),
	(49,'quasi','Ipsam non eius eum alias sequi repellendus. Reiciendis consequatur aut repudiandae provident. Voluptas quis libero officiis nulla doloribus.',279,4,14,'2019-03-21 06:29:14','2019-03-21 06:29:14'),
	(50,'voluptatem','Minus possimus omnis nisi. Quo dolor aut vel qui accusantium sit. Consectetur officiis saepe error voluptatem. Est asperiores dicta commodi sunt quo earum. Fugiat libero eaque qui vel odio.',476,8,26,'2019-03-21 06:29:14','2019-03-21 06:29:14');

/*!40000 ALTER TABLE `products` ENABLE KEYS */;
UNLOCK TABLES;


# Dump of table reviews
# ------------------------------------------------------------

DROP TABLE IF EXISTS `reviews`;

CREATE TABLE `reviews` (
  `id` bigint(20) unsigned NOT NULL AUTO_INCREMENT,
  `product_id` int(10) unsigned NOT NULL,
  `customer` varchar(255) COLLATE utf8mb4_unicode_ci NOT NULL,
  `review` text COLLATE utf8mb4_unicode_ci NOT NULL,
  `star` int(11) NOT NULL,
  `created_at` timestamp NULL DEFAULT NULL,
  `updated_at` timestamp NULL DEFAULT NULL,
  PRIMARY KEY (`id`),
  KEY `reviews_product_id_index` (`product_id`)
) ENGINE=InnoDB DEFAULT CHARSET=utf8mb4 COLLATE=utf8mb4_unicode_ci;

LOCK TABLES `reviews` WRITE;
/*!40000 ALTER TABLE `reviews` DISABLE KEYS */;

INSERT INTO `reviews` (`id`, `product_id`, `customer`, `review`, `star`, `created_at`, `updated_at`)
VALUES
	(1,50,'Eula Schmidt','Labore molestias eos ad. Autem vel blanditiis voluptatibus voluptatem autem dolorem. Quo non error dolor dolor. Velit itaque debitis dolorem inventore.',5,'2019-03-21 06:29:15','2019-03-21 06:29:15'),
	(2,49,'Shaniya Fay','Expedita et ut et debitis ad mollitia autem. Suscipit qui corporis sunt. Ut dicta labore id temporibus perferendis sapiente et illum.',2,'2019-03-21 06:29:15','2019-03-21 06:29:15'),
	(3,38,'Brandt Purdy','Aut voluptates sint qui aspernatur recusandae accusantium est. Ratione harum cupiditate mollitia. Voluptas et nulla cumque facere est.',4,'2019-03-21 06:29:15','2019-03-21 06:29:15'),
	(4,10,'Mrs. Veronica Crooks II','Sit et et quidem tenetur illum culpa. Enim vel temporibus cumque doloribus sit deleniti cumque. Illum accusamus dolor ut sed necessitatibus quisquam unde quia. Accusantium cupiditate non eum unde sed.',3,'2019-03-21 06:29:15','2019-03-21 06:29:15'),
	(5,19,'Citlalli Gottlieb','Doloribus et occaecati id est. Maxime cumque dolor qui est unde quis voluptatem itaque. Ipsam eum aut atque repudiandae.',4,'2019-03-21 06:29:15','2019-03-21 06:29:15'),
	(6,30,'Tito Dare','Ab dolorem neque et est non ea. Delectus eum nesciunt itaque libero quia cumque eligendi ut. Quis sed et consequatur dolorum quae. Eos natus ratione ut molestiae saepe tempora.',5,'2019-03-21 06:29:15','2019-03-21 06:29:15'),
	(7,31,'Belle Vandervort','Ut enim dolores ut rem. Qui incidunt quam quam vel. Cumque eos recusandae non rerum vero aspernatur. Modi rerum non necessitatibus explicabo sit pariatur quibusdam. Aut illo placeat reiciendis aut.',1,'2019-03-21 06:29:15','2019-03-21 06:29:15'),
	(8,37,'Kaleigh Effertz','Magnam nam deleniti distinctio omnis. Dolorem qui sit assumenda. Aliquid sapiente reiciendis aut inventore. Iste ipsa esse et ut doloribus.',1,'2019-03-21 06:29:15','2019-03-21 06:29:15'),
	(9,20,'Vaughn Howell','Voluptas architecto aliquam similique temporibus dolorem cum nisi. Sunt odio veniam nisi non laudantium excepturi aperiam. Dolores consequatur ut beatae quidem sit voluptatem et voluptatem.',0,'2019-03-21 06:29:15','2019-03-21 06:29:15'),
	(10,42,'Vergie Gleason','Atque quod corrupti ad est iure adipisci quis. Sit dolores sed quia in. Sit dolor eaque quo quo qui. Qui quia rerum voluptatem qui.',3,'2019-03-21 06:29:15','2019-03-21 06:29:15'),
	(11,13,'Nikko Ferry','Voluptates perferendis quaerat a quos commodi non recusandae voluptas. Consequatur reprehenderit laudantium ab.',5,'2019-03-21 06:29:15','2019-03-21 06:29:15'),
	(12,7,'Emile Reichel','Magnam dicta enim quae quia ipsam provident. Ipsam laudantium aut non corrupti sint qui ducimus. Libero fugit repellendus rem voluptatibus qui. Atque voluptas sequi eius quis voluptate vel ab.',4,'2019-03-21 06:29:15','2019-03-21 06:29:15'),
	(13,46,'Marquis Herzog DDS','Consectetur laudantium natus quod magni. Quisquam in hic ab qui tempora doloremque sint non. Id provident sint accusantium quo explicabo.',3,'2019-03-21 06:29:15','2019-03-21 06:29:15'),
	(14,12,'Jeffery Wilkinson','Quo odio minima doloremque tempora. Occaecati laborum architecto nulla repellendus incidunt. Autem velit tenetur corporis vel. Et officiis modi velit voluptates facilis.',3,'2019-03-21 06:29:15','2019-03-21 06:29:15'),
	(15,21,'Mr. Kirk Streich I','Quas sed incidunt alias sed laboriosam voluptates. Explicabo recusandae saepe modi molestiae accusamus laborum et. Quam nobis hic dolorem non. Iusto voluptate labore temporibus.',3,'2019-03-21 06:29:15','2019-03-21 06:29:15'),
	(16,43,'Carleton Schmidt','Praesentium eum iure aut incidunt commodi. Labore est saepe voluptas sunt minus non. Adipisci doloribus perspiciatis veniam quia. Omnis aperiam incidunt asperiores at aliquam dolorem eaque.',5,'2019-03-21 06:29:15','2019-03-21 06:29:15'),
	(17,20,'Casimer Heller','Quos quis officiis impedit sapiente. Repudiandae totam assumenda iste qui minus. Est delectus aliquam pariatur voluptas consequatur.',2,'2019-03-21 06:29:15','2019-03-21 06:29:15'),
	(18,40,'Deshawn Davis','Sit illo veniam et omnis iure veniam ut. Unde aspernatur laborum perspiciatis et autem quod. Aut voluptatem sed voluptas ex. Quis harum cumque at molestias quis.',1,'2019-03-21 06:29:15','2019-03-21 06:29:15'),
	(19,9,'Arnaldo Koss II','Consequatur illum eveniet doloribus dolores ullam repellat. Voluptas aut corporis numquam ipsam qui sint fuga quia. Enim consequatur deserunt rerum eveniet.',0,'2019-03-21 06:29:15','2019-03-21 06:29:15'),
	(20,16,'Nova DuBuque','Et rem magnam saepe iure optio consequatur. Dolores quasi aspernatur rerum architecto qui itaque at. Voluptatem est dicta fugiat corporis.',3,'2019-03-21 06:29:15','2019-03-21 06:29:15'),
	(21,7,'Sarai Kovacek MD','Maxime repudiandae ut similique ex illo quo. Occaecati placeat laboriosam optio repudiandae amet quasi. Dolor quia aut eaque aspernatur aliquam neque sed. Sed et id temporibus at dolorem occaecati maxime.',3,'2019-03-21 06:29:15','2019-03-21 06:29:15'),
	(22,50,'Elmore Toy DDS','Nihil neque quod et excepturi laudantium et. Similique reprehenderit numquam fugit et beatae reiciendis. Dolor doloremque sint error aut omnis ratione.',2,'2019-03-21 06:29:15','2019-03-21 06:29:15'),
	(23,17,'Zoey Predovic III','Sequi ut ducimus a ea quod eum aperiam. Atque rerum sunt officia esse. Vero porro praesentium minima voluptatem neque.',0,'2019-03-21 06:29:15','2019-03-21 06:29:15'),
	(24,2,'Jazmyne Price','Voluptatibus rerum tempora sed unde facilis placeat inventore. Culpa beatae aspernatur maxime omnis natus et maxime.',1,'2019-03-21 06:29:15','2019-03-21 06:29:15'),
	(25,44,'Onie Leffler Jr.','Maxime eos omnis quia accusantium ut possimus omnis. Expedita accusantium dicta et sint inventore eveniet dicta. Et deserunt fugiat facere ducimus aut et. Molestias quia tempore ex eligendi doloribus a. Blanditiis voluptatibus nihil molestiae molestias et sit voluptatem.',3,'2019-03-21 06:29:15','2019-03-21 06:29:15'),
	(26,33,'Ophelia O\'Conner','Molestias autem et numquam ducimus. Dolores aut et commodi quod alias eligendi voluptatem. Voluptates voluptas odit quo reiciendis quia.',4,'2019-03-21 06:29:15','2019-03-21 06:29:15'),
	(27,27,'Frederick Dooley','Expedita et quia odit vitae. Autem neque molestias ratione suscipit aut amet. Natus quibusdam officia nisi nulla cumque inventore excepturi soluta. Nihil eum delectus consequatur nesciunt. Et sunt nihil praesentium molestiae et accusamus.',3,'2019-03-21 06:29:15','2019-03-21 06:29:15'),
	(28,11,'Prof. Adalberto Schaden','Ut sunt qui doloribus aut porro atque. Nostrum sequi autem maxime aut. Facere in nostrum maxime atque delectus rerum asperiores. Voluptate praesentium aliquam quia quod reiciendis dolore.',2,'2019-03-21 06:29:15','2019-03-21 06:29:15'),
	(29,46,'Victor Abernathy','Laborum dicta ut omnis sunt fugit et. Itaque sit qui quis. Eos numquam repudiandae quam. Vel incidunt porro minima assumenda nihil saepe at.',4,'2019-03-21 06:29:15','2019-03-21 06:29:15'),
	(30,44,'Mr. Doug Grady','Ullam rerum impedit placeat eos enim. Quo voluptatem possimus voluptas modi omnis est. Voluptas velit architecto dignissimos cupiditate facilis alias excepturi. Cupiditate libero totam molestiae nihil.',5,'2019-03-21 06:29:15','2019-03-21 06:29:15'),
	(31,46,'Jonas King','Veritatis vel quis nesciunt nemo. Voluptatem sit aliquam praesentium voluptatum qui odio. Itaque nisi optio enim sed est. Ut iure et et sunt.',3,'2019-03-21 06:29:15','2019-03-21 06:29:15'),
	(32,18,'Domenico Shields','Incidunt nobis voluptates animi unde sed voluptas. Quidem beatae reprehenderit architecto est et eaque. Ullam adipisci ratione dolor fuga quasi aspernatur. Dolorem saepe tempore molestiae.',3,'2019-03-21 06:29:15','2019-03-21 06:29:15'),
	(33,21,'Shaniya Howell V','Qui enim ipsam ad consequuntur. Rerum similique praesentium aspernatur. Et sed ex suscipit provident facere. Occaecati quod voluptas voluptas tempora.',2,'2019-03-21 06:29:15','2019-03-21 06:29:15'),
	(34,33,'Abagail Nicolas','Voluptatum quo omnis aut qui deleniti quae ut. Magnam molestiae dignissimos qui aut ipsum blanditiis. Expedita sed voluptate rerum nesciunt numquam ipsum. Eos eligendi quae adipisci.',5,'2019-03-21 06:29:15','2019-03-21 06:29:15'),
	(35,46,'Prof. Lew Morar','Explicabo fugiat ex dolor deleniti. Consequatur fuga facilis adipisci eum perspiciatis non. Vel velit quibusdam maxime dolores corrupti adipisci officia. Veritatis totam consequatur delectus distinctio. Aut harum ut aut aliquam est itaque laboriosam.',0,'2019-03-21 06:29:15','2019-03-21 06:29:15'),
	(36,43,'Samantha Terry','Non sed sed aspernatur consequuntur in doloribus error. Vel qui rem aut eum autem velit iusto accusamus. Repellat eos ratione asperiores quia id totam. Quidem doloribus voluptas voluptatem libero eius. Atque est est minima dolore.',4,'2019-03-21 06:29:15','2019-03-21 06:29:15'),
	(37,29,'Prof. Declan Steuber','Suscipit distinctio eaque corporis sit amet. Dolorum labore et vitae quaerat voluptas animi. Temporibus eligendi ex officia nihil.',3,'2019-03-21 06:29:15','2019-03-21 06:29:15'),
	(38,13,'Alia Bashirian','Occaecati optio accusamus asperiores nobis repellendus. Ullam praesentium doloremque quis omnis. Aliquam porro perspiciatis molestias voluptate et. Ipsa minus dolorem autem esse quod perspiciatis. Ea cum exercitationem sapiente.',0,'2019-03-21 06:29:15','2019-03-21 06:29:15'),
	(39,43,'Albert Hudson MD','Quidem fuga sit nulla rerum illum. Soluta sed cum occaecati temporibus magnam assumenda. Est unde deserunt tempore ipsa aut. Rem aut eveniet eveniet est.',5,'2019-03-21 06:29:15','2019-03-21 06:29:15'),
	(40,11,'Mrs. Alverta Stamm','Blanditiis rerum illum accusamus odio expedita. Qui unde accusantium fugit odio cupiditate incidunt. Impedit odio eos omnis maxime.',5,'2019-03-21 06:29:15','2019-03-21 06:29:15'),
	(41,22,'Aurelie Larkin','Amet eaque modi expedita omnis asperiores nostrum unde. Ut quo est nesciunt error maiores eius aut aperiam. Quae cupiditate ad delectus nihil.',1,'2019-03-21 06:29:15','2019-03-21 06:29:15'),
	(42,3,'Violet Doyle','Qui ut iste laudantium officia atque et nostrum. Impedit nobis sint fugit facere labore. Commodi amet et laborum molestias ratione.',2,'2019-03-21 06:29:15','2019-03-21 06:29:15'),
	(43,27,'Melyssa Lynch','Illum rerum non error sunt nam. Rerum qui autem et omnis corrupti facilis. Quia deserunt ipsum aut rerum ut dolorum.',4,'2019-03-21 06:29:15','2019-03-21 06:29:15'),
	(44,2,'Oliver O\'Reilly','Rem ut quidem sint. Debitis voluptates et ut qui totam. Laudantium dignissimos aut illo voluptatem quidem porro adipisci earum.',4,'2019-03-21 06:29:15','2019-03-21 06:29:15'),
	(45,16,'Alvena Larson DVM','Eveniet officiis dolorum quidem voluptas quaerat. Sed a dolorem qui possimus cum expedita. Recusandae eligendi tenetur facilis excepturi.',0,'2019-03-21 06:29:15','2019-03-21 06:29:15'),
	(46,15,'Cleora Lang','Ut expedita esse quos aut. Ad velit ut ut qui consequatur illum. Labore nisi et est tempore mollitia earum aspernatur. Perferendis vel non non illo animi rem numquam.',5,'2019-03-21 06:29:15','2019-03-21 06:29:15'),
	(47,35,'Cecilia Towne','Consequatur rerum et distinctio enim molestias. Nihil rerum delectus ad repellendus non qui qui at. Quisquam aut molestias soluta occaecati. Ut corporis tempore odit aliquid velit.',3,'2019-03-21 06:29:15','2019-03-21 06:29:15'),
	(48,37,'Miller Stiedemann','Quas dolore eligendi dolore nemo accusantium. Velit cumque est cumque excepturi ea omnis magnam. Numquam alias aperiam ut.',5,'2019-03-21 06:29:15','2019-03-21 06:29:15'),
	(49,33,'Adrianna Feest','Tempore aut omnis non et. Consectetur molestiae quisquam sint dolorem neque.',5,'2019-03-21 06:29:15','2019-03-21 06:29:15'),
	(50,9,'Anabel Muller','Autem est quos voluptatibus in qui dolor. Fuga autem vero quidem assumenda. Vel nihil ut illum quidem facere.',1,'2019-03-21 06:29:15','2019-03-21 06:29:15'),
	(51,43,'Prof. Isaac Becker MD','Cum ut molestias ut. Beatae ut sequi et ut. Ut aperiam quod rerum vel dolores reiciendis. Totam velit omnis maiores dolorum facere.',4,'2019-03-21 06:29:15','2019-03-21 06:29:15'),
	(52,41,'Ena Dach DVM','Quo cupiditate assumenda quos. Et ratione et voluptatem. Odio porro consectetur facere magnam ipsum saepe natus.',0,'2019-03-21 06:29:15','2019-03-21 06:29:15'),
	(53,44,'Mr. Alexandre Bernier Sr.','Corrupti esse et excepturi. Qui accusamus dolorum quam molestiae et officiis. Quibusdam quis rerum numquam sequi ut et tempora. Consequatur odit voluptatibus architecto deserunt consequuntur.',0,'2019-03-21 06:29:15','2019-03-21 06:29:15'),
	(54,41,'Vivienne Runolfsdottir','Maiores quidem labore impedit commodi tempore. Quasi et soluta harum nostrum. Praesentium et iste porro nesciunt ut. Ut est recusandae illo omnis quas.',2,'2019-03-21 06:29:15','2019-03-21 06:29:15'),
	(55,23,'Jocelyn Kreiger III','Inventore consequatur suscipit voluptatem doloremque voluptatem omnis. Sed voluptates eveniet reprehenderit voluptatem eaque neque voluptatem. Quia quasi laborum quod facere tenetur error error.',1,'2019-03-21 06:29:15','2019-03-21 06:29:15'),
	(56,12,'Mckenzie Erdman','Qui officiis qui modi animi eum consequuntur. Neque cumque qui officia id magni quas. Est sit enim libero et a illo qui. Id esse accusantium recusandae.',2,'2019-03-21 06:29:15','2019-03-21 06:29:15'),
	(57,12,'Rickie Bosco','Eligendi sint aspernatur earum accusantium natus tempora minima. Exercitationem voluptas dolorem aut consequuntur nisi excepturi aspernatur. Ut non aut ut dolore illo impedit at vel. Mollitia dignissimos aliquid sapiente qui dolorem.',3,'2019-03-21 06:29:15','2019-03-21 06:29:15'),
	(58,28,'Maryse Barrows','Velit consequatur inventore laborum recusandae modi corporis. Illo eos officiis inventore et et in adipisci et. Veniam vitae nesciunt vitae sed non ut. Iure voluptas vero quis quasi quaerat labore vel.',1,'2019-03-21 06:29:15','2019-03-21 06:29:15'),
	(59,45,'Carrie Howell Sr.','Fugit rerum beatae voluptates et id commodi. Facere non ipsa commodi omnis incidunt et et ut. Quia excepturi quo porro vel molestiae similique velit doloremque.',5,'2019-03-21 06:29:15','2019-03-21 06:29:15'),
	(60,35,'Adriel Wilderman','Ea quis nulla veniam eaque hic nemo ea. Laborum cum voluptatem rerum repellat. Quia mollitia modi voluptatem et culpa. Facilis exercitationem deleniti in qui laudantium eaque fugiat iusto.',4,'2019-03-21 06:29:15','2019-03-21 06:29:15'),
	(61,25,'Turner McKenzie','Dignissimos enim aliquam quis odit beatae aut. Harum dicta ut repudiandae quas. Consectetur velit repudiandae asperiores magnam ducimus animi. Voluptatem soluta assumenda culpa reprehenderit quisquam. Iste recusandae sit et illo.',4,'2019-03-21 06:29:15','2019-03-21 06:29:15'),
	(62,32,'Prof. Chesley Sipes','Est aliquid accusantium quo dolorem recusandae assumenda voluptates. Provident omnis aut hic. Qui ea fugiat deserunt sit. Temporibus temporibus optio neque.',4,'2019-03-21 06:29:15','2019-03-21 06:29:15'),
	(63,9,'Joesph Murphy','Et ut dolores aut. Beatae dolor atque beatae est est. Velit ad consequatur aliquid non.',0,'2019-03-21 06:29:15','2019-03-21 06:29:15'),
	(64,31,'Zoe Leuschke','Adipisci est ut doloribus qui fugiat hic. Atque sit facilis molestiae reprehenderit illo quo. Officiis animi numquam sed ea et. Aliquid quia et itaque sapiente animi.',3,'2019-03-21 06:29:15','2019-03-21 06:29:15'),
	(65,48,'Mr. Sigrid Schaefer IV','Magnam qui quidem dolore accusantium. Rem nesciunt fugit voluptatem dolorem eum rerum accusantium. Nostrum facere consectetur et nisi quasi.',0,'2019-03-21 06:29:15','2019-03-21 06:29:15'),
	(66,24,'Nelle Roob','Nisi doloremque illo nesciunt. Itaque et corporis nisi quo. Error non incidunt sed esse.',1,'2019-03-21 06:29:15','2019-03-21 06:29:15'),
	(67,27,'Alberto Maggio II','Ea explicabo voluptatem esse saepe nihil. Error necessitatibus culpa suscipit quia voluptates doloremque voluptatibus. Harum molestias molestiae et et facere consequatur. Ducimus facere vitae voluptatum libero in qui aut.',5,'2019-03-21 06:29:15','2019-03-21 06:29:15'),
	(68,21,'Dr. Gaylord Smith','Maiores ducimus velit quis impedit ut harum incidunt. Fugit qui qui sequi iusto. Ea adipisci et occaecati quis.',3,'2019-03-21 06:29:15','2019-03-21 06:29:15'),
	(69,34,'Mrs. Kathryn Cummings MD','Non aut ut perferendis quia. Omnis occaecati ipsam temporibus sunt quidem qui odit. Dolor consequuntur vel aut eaque omnis dolor officia.',1,'2019-03-21 06:29:15','2019-03-21 06:29:15'),
	(70,48,'Raquel Barrows','Blanditiis non accusantium nihil maxime quaerat quo. Explicabo quis iusto rem voluptas esse. Doloribus alias maiores eos aut. Id cum repudiandae molestias at ut dolor.',2,'2019-03-21 06:29:15','2019-03-21 06:29:15'),
	(71,30,'Isobel Stamm','Harum quibusdam at rerum odit deleniti tempore qui. Nemo odit minima quas voluptatibus voluptatem qui commodi. Quidem non nostrum enim animi.',4,'2019-03-21 06:29:15','2019-03-21 06:29:15'),
	(72,9,'Prof. Lance Grimes','Reprehenderit sed maiores praesentium. Ad qui velit voluptatum. Vel ipsa labore quibusdam iste.',2,'2019-03-21 06:29:15','2019-03-21 06:29:15'),
	(73,4,'Colton Upton','A natus voluptates iste amet doloribus eum. Nemo impedit tempore atque est facere qui nam. Autem omnis sint corrupti nihil recusandae sed. Odit ut voluptates deleniti dolores nihil perferendis enim. Consequatur illum ex sit voluptatem.',3,'2019-03-21 06:29:15','2019-03-21 06:29:15'),
	(74,5,'Drake Hand IV','Consequatur a architecto pariatur. Ipsam ea nesciunt corporis ex minima id. Eos ad et ut dolorum incidunt hic ut autem. Accusantium sed libero velit dolor.',3,'2019-03-21 06:29:15','2019-03-21 06:29:15'),
	(75,44,'Kaitlin Bradtke','Nisi quam quibusdam dignissimos quod officiis magnam cupiditate vel. Expedita optio quia dolor qui. Fuga non quas quis neque non sint et magni. Delectus ut aperiam earum nostrum dolorem nihil.',5,'2019-03-21 06:29:15','2019-03-21 06:29:15'),
	(76,11,'Estel Hagenes','Autem rem quasi ut velit numquam. Ullam tenetur voluptatem assumenda. Expedita qui sit inventore commodi. Non ut consequuntur recusandae nam dolore. Asperiores aperiam pariatur libero suscipit molestias.',0,'2019-03-21 06:29:15','2019-03-21 06:29:15'),
	(77,40,'Shana O\'Reilly','Tempora repellat totam omnis et dicta dolor ut soluta. Quae et praesentium aut quia. Animi voluptatibus possimus et. Consequatur minima id qui qui provident nobis.',0,'2019-03-21 06:29:15','2019-03-21 06:29:15'),
	(78,28,'Prof. Faustino Hauck PhD','Fugit amet ut et iste earum est excepturi. Est eos qui et quas aliquid provident. Earum repellendus dolores recusandae delectus. Voluptates amet harum beatae nam nihil consequuntur omnis quia.',5,'2019-03-21 06:29:15','2019-03-21 06:29:15'),
	(79,36,'Francisco Boyer','Aliquam cupiditate sit est voluptatem explicabo voluptatibus. Iusto occaecati qui minus ab enim quaerat. Illo impedit laboriosam hic officia quibusdam totam.',2,'2019-03-21 06:29:15','2019-03-21 06:29:15'),
	(80,15,'Bradford Stark','Iste facilis perspiciatis sunt dolorem soluta rerum. Corrupti alias quisquam expedita. Dolor quibusdam assumenda omnis excepturi ex nihil.',1,'2019-03-21 06:29:15','2019-03-21 06:29:15'),
	(81,42,'Eddie Koch','Ab aut architecto dolor non dolorum. Et occaecati cum magnam reprehenderit aspernatur autem rerum.',5,'2019-03-21 06:29:15','2019-03-21 06:29:15'),
	(82,7,'Tod Koepp','Molestiae doloremque esse vitae et quaerat aut possimus. Doloremque ducimus laboriosam eligendi quia minima et. Illo labore et fugit sed.',3,'2019-03-21 06:29:15','2019-03-21 06:29:15'),
	(83,44,'Jayde O\'Keefe','Deserunt voluptas eos maiores. Quam debitis ullam voluptas quia. Dicta est ab voluptas quibusdam perspiciatis laudantium. Voluptatem animi ratione non consectetur modi deleniti.',4,'2019-03-21 06:29:15','2019-03-21 06:29:15'),
	(84,14,'Reina Stamm Jr.','Rerum aliquid exercitationem voluptas aut expedita. Beatae voluptatem vitae natus enim. Explicabo sunt incidunt est laboriosam sit corrupti aut. Nemo hic commodi minima necessitatibus et eius rerum recusandae.',1,'2019-03-21 06:29:15','2019-03-21 06:29:15'),
	(85,4,'Brooke Gleichner','Eaque sunt aliquam consequuntur dicta voluptates officia sunt dicta. Quia voluptas quisquam dicta nam similique eaque.',0,'2019-03-21 06:29:15','2019-03-21 06:29:15'),
	(86,20,'Miss Nola Bechtelar','Eaque vero voluptas voluptatem. Necessitatibus error rerum nemo delectus sequi voluptatem accusantium. Consectetur itaque nihil quisquam inventore at aperiam ducimus. Sunt vel autem tempore neque nobis blanditiis esse.',1,'2019-03-21 06:29:15','2019-03-21 06:29:15'),
	(87,12,'Dr. Donald McLaughlin','Maxime tempora debitis quia sed error. Quod tempora enim officiis eum. Assumenda molestiae vel necessitatibus sunt.',3,'2019-03-21 06:29:15','2019-03-21 06:29:15'),
	(88,37,'Lizzie Buckridge Jr.','Voluptatem et animi in libero rerum sit. Voluptatem voluptatem quo autem. Et beatae eos suscipit facilis quia. Nihil et accusamus rerum pariatur accusantium aliquam magni. Et magni aut dolore sed voluptas.',1,'2019-03-21 06:29:15','2019-03-21 06:29:15'),
	(89,1,'Jimmy Herman','Deleniti sed itaque commodi aut voluptate omnis. Ducimus voluptas cumque totam voluptatibus ea iusto possimus quis. Eos ducimus porro repellat voluptas illum est hic sed. Corporis a commodi eum in dolore.',1,'2019-03-21 06:29:15','2019-03-21 06:29:15'),
	(90,30,'Rhea Schaden','Ipsam suscipit velit rerum et dolor. Voluptas ipsum ex error non vel debitis.',3,'2019-03-21 06:29:15','2019-03-21 06:29:15'),
	(91,39,'Prof. Garland Grady','Nisi voluptas beatae quae harum perferendis provident nihil. Illo qui autem sequi at tenetur. Quidem provident molestiae itaque veritatis et ut est. Vel et libero odio sed rerum occaecati.',3,'2019-03-21 06:29:15','2019-03-21 06:29:15'),
	(92,1,'Zaria Orn','Officia nesciunt quam sit qui commodi corporis. Voluptas soluta quo aut quis. Molestiae qui voluptatem magni et velit eum laudantium debitis.',0,'2019-03-21 06:29:15','2019-03-21 06:29:15'),
	(93,17,'Bill Rogahn','Quaerat et in non molestias sapiente unde natus reiciendis. Dolor impedit esse molestiae aut qui. Fugit dolore enim omnis officia dicta unde est.',5,'2019-03-21 06:29:15','2019-03-21 06:29:15'),
	(94,42,'Karl Grimes','Repellat assumenda aut beatae eum non autem. Temporibus aut pariatur fuga quo. Consequuntur nihil ex cupiditate veniam enim laborum laborum dolor. Eius quia eos quae quia eos.',1,'2019-03-21 06:29:15','2019-03-21 06:29:15'),
	(95,36,'Oswaldo Bailey','Officiis temporibus consequatur est debitis quo id provident. Sit in accusamus omnis. Vel accusamus asperiores sint et rerum et.',0,'2019-03-21 06:29:15','2019-03-21 06:29:15'),
	(96,20,'Enola Green','Eligendi sit quas et eveniet iusto. Consequatur cum repellat deleniti occaecati. Qui quo omnis odit sit eum sapiente.',3,'2019-03-21 06:29:15','2019-03-21 06:29:15'),
	(97,28,'Keshawn Hills','Vitae eius neque aut exercitationem a omnis sit. Sequi inventore iusto neque sed ea sed fuga. Sint deleniti et corporis rem. Quod ut enim quia sequi et repudiandae exercitationem.',5,'2019-03-21 06:29:15','2019-03-21 06:29:15'),
	(98,43,'Nicole Bogan','Ratione repellat accusantium soluta ducimus et sint sit voluptas. Ducimus est inventore aut sed distinctio expedita nostrum. Sed corrupti explicabo beatae consectetur ex. Est atque ipsum itaque beatae sint eaque.',0,'2019-03-21 06:29:15','2019-03-21 06:29:15'),
	(99,38,'Marian Gutmann','Aut et quasi nobis sapiente aut et ipsa. Architecto soluta et quam veritatis nam quo corporis maxime.',4,'2019-03-21 06:29:15','2019-03-21 06:29:15'),
	(100,8,'Lysanne Lockman','Molestiae enim illo et consequuntur explicabo neque. Fugit sed totam commodi explicabo assumenda sed. Qui quibusdam enim mollitia. Dolores aut mollitia et necessitatibus quidem.',3,'2019-03-21 06:29:15','2019-03-21 06:29:15'),
	(101,17,'Emanuel Lakin','Est libero incidunt non ut aut rem et. Nam consequuntur facere delectus qui voluptates laborum excepturi. Rerum facilis quidem et temporibus aut harum maiores. Dicta eum quidem omnis consequatur sed delectus voluptas.',3,'2019-03-21 06:29:15','2019-03-21 06:29:15'),
	(102,41,'Obie Homenick','Et ab soluta et natus magnam saepe. Praesentium ut nihil repellat occaecati. Ipsa doloribus expedita quis id fuga eveniet delectus.',4,'2019-03-21 06:29:15','2019-03-21 06:29:15'),
	(103,7,'Prof. Narciso Renner','Neque veritatis unde sunt. In iusto est ut eum non provident. Harum quod eligendi voluptates tempora architecto suscipit ratione.',4,'2019-03-21 06:29:15','2019-03-21 06:29:15'),
	(104,30,'Enrico Kertzmann','Omnis laudantium unde quo culpa. Cumque cum numquam enim laboriosam consectetur reprehenderit. Totam molestias incidunt quasi voluptas cum.',3,'2019-03-21 06:29:15','2019-03-21 06:29:15'),
	(105,27,'Emily Gerhold','Tenetur error delectus sed et nemo consequuntur quis dolor. Eos consequatur ut maiores.',5,'2019-03-21 06:29:15','2019-03-21 06:29:15'),
	(106,5,'Dr. Leo Hammes','Quae aut sit natus dolorem at quod. Unde ullam perspiciatis quia eum est fuga. Laudantium sapiente iste qui ullam.',3,'2019-03-21 06:29:15','2019-03-21 06:29:15'),
	(107,9,'Dr. Rhett Stokes DVM','Et mollitia laudantium debitis. Nemo dolore deserunt maxime facere. Ad temporibus eos cupiditate autem fugiat labore.',1,'2019-03-21 06:29:15','2019-03-21 06:29:15'),
	(108,1,'Franz Halvorson','Nihil aliquid sit recusandae nam nihil. Quos est culpa suscipit dolor. Qui sed corporis laborum eaque voluptatem vitae voluptates fugiat. Omnis quae quisquam minima sed.',4,'2019-03-21 06:29:15','2019-03-21 06:29:15'),
	(109,46,'Irma Kuhlman','Quia quia et beatae culpa. Id sunt voluptatum aut ut. Nihil est voluptas magni consequatur.',5,'2019-03-21 06:29:15','2019-03-21 06:29:15'),
	(110,1,'London Kovacek','Fugit omnis voluptatem ab qui repellendus mollitia. Unde dolores molestiae reprehenderit aut. Labore sint esse excepturi voluptatem ad.',1,'2019-03-21 06:29:15','2019-03-21 06:29:15'),
	(111,8,'Jeremy Wyman','Perferendis ut harum tempore consequuntur. Nisi deleniti repudiandae et provident aut. Qui magni fuga iure libero dolorum commodi.',3,'2019-03-21 06:29:15','2019-03-21 06:29:15'),
	(112,17,'Mia Cummings','Odio et dolorem consequatur eveniet. Qui officiis incidunt et molestias quasi in voluptates quisquam. Earum veritatis aperiam voluptatem cum sequi perspiciatis molestias.',2,'2019-03-21 06:29:15','2019-03-21 06:29:15'),
	(113,33,'Howard Goyette','Fugiat repellendus numquam consequatur ut alias. Quaerat rerum deleniti possimus ut. Deserunt impedit adipisci accusamus voluptates quia enim. Optio eaque illum veniam fugiat aspernatur voluptatem.',5,'2019-03-21 06:29:15','2019-03-21 06:29:15'),
	(114,14,'Bernhard Wisozk','Corrupti odio est quidem nihil aperiam ut maiores. Vitae officiis et adipisci dolor quod. Sint architecto deleniti vero nemo dolores omnis nisi.',2,'2019-03-21 06:29:15','2019-03-21 06:29:15'),
	(115,9,'Miss Carlie Steuber DDS','Explicabo aliquam quidem veritatis voluptate sed. Ratione nulla eum at iste similique. Quaerat unde facere dicta omnis. Voluptatem molestiae et laboriosam reprehenderit vel ex.',4,'2019-03-21 06:29:15','2019-03-21 06:29:15'),
	(116,21,'Milford Bahringer','Dolorum ut assumenda sed voluptas numquam voluptatem. Beatae quos porro eligendi id autem.',2,'2019-03-21 06:29:15','2019-03-21 06:29:15'),
	(117,44,'Rafaela Ortiz I','Enim illum sunt a eligendi omnis tempore blanditiis. Alias est harum enim aut eius.',0,'2019-03-21 06:29:15','2019-03-21 06:29:15'),
	(118,50,'Giovani Gottlieb','Veritatis maxime voluptas iusto. Laudantium laboriosam suscipit suscipit est ab est iusto facere. Vel praesentium qui et cupiditate ipsa est porro eligendi.',4,'2019-03-21 06:29:15','2019-03-21 06:29:15'),
	(119,7,'Abe Olson PhD','Hic in sed pariatur impedit. Velit fugit eum excepturi magni dolorem non. Qui dolor deleniti tempore aut. Error dignissimos incidunt tempore sunt iusto enim delectus.',5,'2019-03-21 06:29:15','2019-03-21 06:29:15'),
	(120,46,'Giovanny Wolff','Et quia quod sapiente non sapiente. Ipsum dolor labore voluptatem aut quia animi optio. Officiis iste tempora ut minima. Autem vero aut ducimus neque.',3,'2019-03-21 06:29:15','2019-03-21 06:29:15'),
	(121,5,'Bernardo Lubowitz','Impedit et eveniet assumenda et adipisci possimus delectus a. Et voluptatem nemo velit et.',4,'2019-03-21 06:29:15','2019-03-21 06:29:15'),
	(122,40,'Alanna Johnson III','Fuga quod officia esse autem aut pariatur repellat. Aperiam sed sequi incidunt maxime sunt voluptatem. Vel asperiores beatae a quis. Ab qui qui eum in eius ad dolores.',3,'2019-03-21 06:29:15','2019-03-21 06:29:15'),
	(123,4,'Mr. Gregorio Price Jr.','Voluptas deleniti necessitatibus alias et. Nam quo ut magni possimus cumque. Eius quia et et sed neque odit laboriosam.',5,'2019-03-21 06:29:15','2019-03-21 06:29:15'),
	(124,14,'Louvenia Wuckert','Sapiente repellendus dolor numquam earum. Iure ipsam at nemo aut doloribus. Dicta natus in et explicabo alias ratione rerum.',1,'2019-03-21 06:29:15','2019-03-21 06:29:15'),
	(125,34,'Allen Wehner','In quis vero error iure sed et qui voluptatum. Velit rerum aut aut quas. Praesentium sit ea aut in voluptatem accusantium ex. Dolorem id at est.',5,'2019-03-21 06:29:15','2019-03-21 06:29:15'),
	(126,5,'Jaime Haley','Nostrum voluptatem dolorum recusandae laudantium at. Nihil dolores enim non.',3,'2019-03-21 06:29:15','2019-03-21 06:29:15'),
	(127,44,'Aurelia Wilkinson','Totam totam repellendus sunt sint porro eos rerum repellendus. Qui a hic perspiciatis in ducimus iusto dolorem.',4,'2019-03-21 06:29:15','2019-03-21 06:29:15'),
	(128,47,'Clemmie Dickinson','Quia cum laboriosam temporibus ea est ducimus aspernatur. Debitis fugiat sequi quaerat. Est harum praesentium voluptatem tempora porro inventore recusandae cumque.',2,'2019-03-21 06:29:15','2019-03-21 06:29:15'),
	(129,7,'Linnea Batz DVM','Esse doloremque eum laudantium qui debitis est. Quam nulla non omnis omnis quidem necessitatibus. Dignissimos architecto asperiores et sit eveniet dolor.',1,'2019-03-21 06:29:15','2019-03-21 06:29:15'),
	(130,40,'Nayeli Sanford','Impedit ea ratione quia et nostrum veritatis laborum. Voluptatum quo nobis mollitia ut fugit sit. Ullam perferendis itaque corrupti id est a sequi.',1,'2019-03-21 06:29:15','2019-03-21 06:29:15'),
	(131,8,'Agnes Kemmer','Ut nihil aut aut consequatur consectetur voluptas. Beatae eaque natus eligendi quisquam odit id alias molestiae. Ut quis reiciendis recusandae optio. Quod in officiis debitis minima.',1,'2019-03-21 06:29:15','2019-03-21 06:29:15'),
	(132,26,'Avis Turner','Impedit fugiat qui et qui omnis rerum ea consequatur. Quisquam aut maxime voluptatem laboriosam eum perspiciatis. Qui consequatur explicabo facere et. Laboriosam voluptate dolores voluptatem quos consequatur rerum harum.',4,'2019-03-21 06:29:15','2019-03-21 06:29:15'),
	(133,43,'Tanner Berge','Ut iure ut in aut sed. Alias omnis aut blanditiis consequatur inventore. Asperiores voluptas est est dolores voluptatibus ex. Sit tenetur qui quidem aut eos.',3,'2019-03-21 06:29:15','2019-03-21 06:29:15'),
	(134,47,'Dr. Blair Donnelly IV','Deleniti quibusdam omnis ipsa nam. Nihil tempore similique et modi qui. Neque consectetur qui dicta quia dolor adipisci eligendi similique. Voluptas ut itaque debitis sed pariatur mollitia.',5,'2019-03-21 06:29:15','2019-03-21 06:29:15'),
	(135,41,'Jake Glover','In dolores unde fuga occaecati ipsam dicta dolores. Non quidem dolorum explicabo sint tenetur officia placeat laudantium. Nihil consequuntur adipisci debitis officia sint officiis porro corrupti.',4,'2019-03-21 06:29:15','2019-03-21 06:29:15'),
	(136,49,'Maxime Feil','Consectetur est harum eos saepe totam rerum qui. Harum eligendi corporis aliquid et deleniti repellat aut. Id qui dolor suscipit laboriosam porro. Dolorem dolores deleniti incidunt ut at dicta eveniet.',4,'2019-03-21 06:29:15','2019-03-21 06:29:15'),
	(137,21,'Prof. Laney Johnston II','Maiores optio molestiae quaerat quia quibusdam sed nihil. Quia consequuntur asperiores velit accusantium. Tempora aut totam enim non pariatur tempore enim magni. Sed sit voluptatem illum facere excepturi.',1,'2019-03-21 06:29:15','2019-03-21 06:29:15'),
	(138,26,'Emilio Fisher','Consequuntur voluptas enim ut adipisci omnis at eius amet. Deleniti temporibus odio minima placeat. Earum sed sapiente optio voluptatum. Deserunt officiis sit molestias quis.',2,'2019-03-21 06:29:15','2019-03-21 06:29:15'),
	(139,34,'Gage Tillman','Et veniam id eveniet laboriosam error excepturi facere. Dolores veniam voluptas rerum illum et corporis. Labore eligendi molestiae quod eligendi. Voluptatem dolorem a officia ratione.',5,'2019-03-21 06:29:15','2019-03-21 06:29:15'),
	(140,11,'Earline Hammes','Consequatur voluptatibus quis nisi quas deleniti. Sequi natus maxime quae et autem dolor eius. Qui magnam rerum commodi cumque provident molestiae ut. Suscipit sint mollitia autem sunt.',0,'2019-03-21 06:29:15','2019-03-21 06:29:15'),
	(141,40,'Leila Mayer','Ut similique nihil perspiciatis iusto. Sed quisquam exercitationem laboriosam.',0,'2019-03-21 06:29:15','2019-03-21 06:29:15'),
	(142,42,'Lura Heaney','Iure id neque rerum. Sed architecto ipsam dolores ducimus. Qui nihil eligendi incidunt magnam impedit. Quis cupiditate aperiam impedit.',4,'2019-03-21 06:29:15','2019-03-21 06:29:15'),
	(143,37,'Brandon Will PhD','Itaque et qui exercitationem. Error qui accusantium quam et quibusdam. Dolor quod sed numquam nihil totam.',5,'2019-03-21 06:29:15','2019-03-21 06:29:15'),
	(144,44,'Gunnar Jerde','Eaque accusamus quia voluptatem nobis fugit placeat. Non explicabo qui iure. Aut quas laborum exercitationem iure ut quisquam quos.',0,'2019-03-21 06:29:15','2019-03-21 06:29:15'),
	(145,48,'Dr. Bertram Smitham IV','Optio sed ut nihil et rerum dolores quasi. Qui harum accusamus architecto unde porro est veritatis voluptatum. Iure recusandae perferendis officia rerum sint. Beatae non nemo adipisci at debitis repellendus voluptatem iste.',0,'2019-03-21 06:29:15','2019-03-21 06:29:15'),
	(146,27,'Marielle Kassulke','Est incidunt sed magni deleniti alias et reiciendis fugiat. Veritatis quod omnis in cumque mollitia ex omnis. Optio error ipsam iusto harum pariatur blanditiis illo officia.',4,'2019-03-21 06:29:15','2019-03-21 06:29:15'),
	(147,32,'Alexandria Strosin','Quibusdam placeat quo saepe libero. Dolorem amet ducimus sed sint voluptatibus dolorem. Ut consequatur culpa non vitae velit omnis modi a.',4,'2019-03-21 06:29:15','2019-03-21 06:29:15'),
	(148,44,'Coleman Schultz','Quos voluptas iusto necessitatibus quibusdam id. Nostrum aut sed sed fuga omnis labore. Quo qui itaque fuga ut voluptatem fugit.',3,'2019-03-21 06:29:15','2019-03-21 06:29:15'),
	(149,50,'Prof. Tate Harris','Et molestiae cum quia nobis harum ab harum. Vel autem suscipit aspernatur dignissimos illo laboriosam quibusdam aliquid. Repellendus autem iste aperiam molestiae sunt. Odio voluptatem iure ea et quo.',1,'2019-03-21 06:29:15','2019-03-21 06:29:15'),
	(150,41,'Harmony Ziemann','Omnis blanditiis sunt consequatur sunt dolorem consectetur expedita. Quos rerum consequatur corporis qui. Non molestiae sit quo iste eum.',1,'2019-03-21 06:29:15','2019-03-21 06:29:15'),
	(151,13,'Tad Krajcik Jr.','Est illum et autem repudiandae eligendi. Et aut aut fuga cum et reiciendis blanditiis. Doloribus libero quos eligendi.',2,'2019-03-21 06:29:15','2019-03-21 06:29:15'),
	(152,34,'Grace Nader','Quibusdam est sit est asperiores et minima. Placeat amet sed commodi quis non veritatis expedita. Vitae molestiae reiciendis recusandae enim minima sint delectus. Praesentium minima non maiores labore corrupti quia.',2,'2019-03-21 06:29:15','2019-03-21 06:29:15'),
	(153,8,'Heather Tremblay Sr.','Velit laudantium dolorem porro dolorum earum exercitationem nisi. Non et expedita numquam recusandae aspernatur. Repellat atque autem eius nostrum magni. Consequatur sed voluptatem quo.',3,'2019-03-21 06:29:15','2019-03-21 06:29:15'),
	(154,40,'Dr. Claud Bailey','Atque accusamus voluptatem et. Itaque veritatis sint qui omnis est. Non qui omnis rerum sit. Fuga ut nisi sequi accusamus eos sequi.',3,'2019-03-21 06:29:15','2019-03-21 06:29:15'),
	(155,12,'Santa Ward III','Vero laudantium voluptatum rerum sit et quia aut. Asperiores non facilis eum accusantium illum nemo non. At hic voluptatem vel in recusandae minus eum.',0,'2019-03-21 06:29:15','2019-03-21 06:29:15'),
	(156,36,'Prof. Madalyn Dach Jr.','In dolores impedit aut quo ipsam aperiam error. Assumenda est error maxime reiciendis voluptatem. Ex placeat fugit quia ea. Qui reprehenderit et quis non accusamus voluptatum.',3,'2019-03-21 06:29:15','2019-03-21 06:29:15'),
	(157,46,'Prof. Mariela Runolfsdottir','Dolor quo rerum sit omnis eos aut delectus. Praesentium iure dicta soluta non mollitia. Modi necessitatibus blanditiis harum.',3,'2019-03-21 06:29:15','2019-03-21 06:29:15'),
	(158,11,'Mr. Javon Waters','Tempore quibusdam quod et. Quis quia debitis distinctio sint nihil. Non quia suscipit alias porro aut.',2,'2019-03-21 06:29:15','2019-03-21 06:29:15'),
	(159,40,'Candace Koss','Voluptatibus voluptas quidem esse doloribus debitis et. Nesciunt corrupti animi voluptate minima ex recusandae ex.',0,'2019-03-21 06:29:15','2019-03-21 06:29:15'),
	(160,38,'Nikki Gibson','Iste rerum excepturi officiis omnis error suscipit quaerat. Dignissimos veniam corporis similique sit ex. Aut voluptatem omnis quia repudiandae. Earum porro blanditiis rerum minus nam deleniti.',1,'2019-03-21 06:29:15','2019-03-21 06:29:15'),
	(161,13,'Kasey Hills','Pariatur numquam dolore consequatur sit praesentium quae. Praesentium recusandae rem eum ad est architecto. Exercitationem sed illum voluptatibus consequatur autem necessitatibus harum est. Magni aut optio voluptas optio.',4,'2019-03-21 06:29:15','2019-03-21 06:29:15'),
	(162,37,'Demetrius Hane','Est impedit quo sint quibusdam est commodi eum rem. Praesentium sed id asperiores. Eos repudiandae aut quam vel. Totam ea dolores fugiat quia id molestias consequatur.',5,'2019-03-21 06:29:15','2019-03-21 06:29:15'),
	(163,1,'Omer Grant V','Officiis molestiae dolore et ut. Et possimus odio ratione minima. Eaque at error omnis ullam ut vel fugit incidunt.',4,'2019-03-21 06:29:15','2019-03-21 06:29:15'),
	(164,27,'Mrs. Maegan Kiehn','Laboriosam eligendi blanditiis doloribus eum quia laborum enim autem. Quis quisquam porro occaecati dolor quia. Non voluptatum dolorem dolor.',5,'2019-03-21 06:29:15','2019-03-21 06:29:15'),
	(165,14,'Vito Sporer','Nesciunt vel itaque quia soluta. Tenetur cum vitae aliquid nisi. Delectus id in maiores molestiae officia non ipsum officia.',3,'2019-03-21 06:29:15','2019-03-21 06:29:15'),
	(166,28,'Dr. Hershel Kub','Nobis illo et non ducimus recusandae impedit qui. Ex placeat blanditiis ipsa voluptatem sed repudiandae iusto. Nihil et illum non incidunt sed.',5,'2019-03-21 06:29:15','2019-03-21 06:29:15'),
	(167,26,'Edythe Rogahn','Quia optio accusamus hic. Qui quasi enim sit. Ipsa est quia architecto qui ea. Beatae quo optio totam dignissimos laborum voluptas.',2,'2019-03-21 06:29:15','2019-03-21 06:29:15'),
	(168,23,'Wendy Schowalter','Consequatur nostrum dolore sint aliquid quo molestiae excepturi. Voluptatem est vitae deserunt vitae quod omnis nobis. Aut quisquam ut repellendus sequi debitis. Eum perferendis eligendi aut enim corporis in eveniet.',4,'2019-03-21 06:29:15','2019-03-21 06:29:15'),
	(169,6,'Izaiah Haag','Et qui ipsa dolores asperiores quos. Nam non quibusdam nam. Ab qui facilis reprehenderit dolor corrupti. Magni officia molestiae nisi aut excepturi.',5,'2019-03-21 06:29:15','2019-03-21 06:29:15'),
	(170,47,'Cedrick Mayer','Enim sit vero eligendi itaque. Praesentium accusantium fugit omnis quia nobis sequi. Sunt est dolores rerum esse alias cumque porro. Quibusdam enim non voluptatum iure aut.',1,'2019-03-21 06:29:15','2019-03-21 06:29:15'),
	(171,37,'Fatima Zulauf','Odit omnis nostrum nihil sit cumque ex. Est assumenda non et totam ea animi. Quis debitis in modi natus beatae est dolorem. Exercitationem dolorem veritatis numquam.',2,'2019-03-21 06:29:15','2019-03-21 06:29:15'),
	(172,21,'Marian Abbott','Magni dolore aperiam minus. A perferendis placeat voluptatem culpa quo sint assumenda dolore. Nobis delectus magni blanditiis aspernatur dicta possimus architecto.',1,'2019-03-21 06:29:15','2019-03-21 06:29:15'),
	(173,21,'Mrs. Julia Huels IV','Vero ea commodi pariatur non vel aliquam. Qui asperiores sit et delectus adipisci id. Commodi totam maxime maxime perspiciatis.',4,'2019-03-21 06:29:15','2019-03-21 06:29:15'),
	(174,44,'Miss Lulu Bauch','Vitae amet earum et sit dolor rerum. Deserunt nisi consectetur vel inventore minus aspernatur. Ab blanditiis alias ea mollitia impedit sapiente.',1,'2019-03-21 06:29:15','2019-03-21 06:29:15'),
	(175,40,'Denis Ernser','Nemo aperiam qui libero cumque unde. Ipsum tempora illum quis necessitatibus fugiat perferendis et consequuntur. Quaerat veniam similique dignissimos quidem. Id velit harum velit velit id. Voluptatem sequi similique omnis repudiandae.',3,'2019-03-21 06:29:15','2019-03-21 06:29:15'),
	(176,11,'Rogelio Hodkiewicz','Temporibus quia eveniet dolorem expedita ut. Et earum ex nisi odio et libero. Blanditiis et perspiciatis laborum repellat similique itaque.',0,'2019-03-21 06:29:15','2019-03-21 06:29:15'),
	(177,21,'Dr. Emerald Huels III','Laudantium hic neque sed fugiat dolores rerum perspiciatis porro. Amet ea voluptate saepe quam. Nihil facere repudiandae aperiam et et amet dolor.',2,'2019-03-21 06:29:15','2019-03-21 06:29:15'),
	(178,29,'Magnolia Greenfelder','Incidunt ullam molestiae iste dignissimos aperiam. Repudiandae nemo eligendi rem iure aut beatae est tenetur. Voluptates aut voluptatem placeat rerum et occaecati. Odio ratione enim rem dolores eum. Id aut excepturi dolorum dolor veritatis facilis necessitatibus.',3,'2019-03-21 06:29:15','2019-03-21 06:29:15'),
	(179,5,'Alvah Larkin','Doloremque commodi quisquam modi ea ea omnis accusamus. Ut sapiente soluta quia suscipit provident. Qui eaque laudantium necessitatibus ut. Velit ullam exercitationem necessitatibus et odit.',5,'2019-03-21 06:29:15','2019-03-21 06:29:15'),
	(180,7,'Ernest Emmerich','Aut doloremque in voluptatem ducimus aspernatur. Sed ea rerum rerum earum deleniti qui asperiores. Beatae non numquam et aliquam et. Fugiat eum possimus inventore aperiam.',1,'2019-03-21 06:29:15','2019-03-21 06:29:15'),
	(181,18,'Craig Howell','Aut dolor vero perferendis. Consequuntur totam at sint nihil aut praesentium. Recusandae et sed optio vel omnis.',3,'2019-03-21 06:29:15','2019-03-21 06:29:15'),
	(182,6,'Friedrich Connelly','Maiores consequatur adipisci quia et provident modi. Error iusto harum dolores dolores. Voluptates nam architecto non occaecati. Dignissimos quidem occaecati voluptas voluptatem accusantium ex laudantium.',5,'2019-03-21 06:29:15','2019-03-21 06:29:15'),
	(183,15,'Ariane Kulas','Veniam quaerat hic delectus id quo quibusdam nobis. Eos iure ducimus in magnam iste. Molestias qui commodi et est. Expedita dolorem vitae provident.',5,'2019-03-21 06:29:15','2019-03-21 06:29:15'),
	(184,20,'Dr. Genoveva Hermiston II','Alias aspernatur dolorem neque quod. Sit voluptatem maiores adipisci error ut magni.',4,'2019-03-21 06:29:15','2019-03-21 06:29:15'),
	(185,3,'Cary Johnston','Id voluptatibus sed qui et sequi. Et rerum et ex excepturi non qui omnis. Sed consequatur odio et fugit.',0,'2019-03-21 06:29:15','2019-03-21 06:29:15'),
	(186,14,'Reed Feest MD','Quo sunt inventore qui excepturi quibusdam. Perferendis illo eos eius impedit nobis nemo quisquam. Quibusdam repellendus ipsa eligendi expedita velit cupiditate atque.',5,'2019-03-21 06:29:15','2019-03-21 06:29:15'),
	(187,8,'Mr. Demarcus McCullough Jr.','Corrupti rerum impedit iusto illo omnis sit. Ducimus voluptatibus cumque aut quia. Vel vel ratione non aut autem molestias. Ducimus consequatur velit ut placeat quis excepturi a dolores.',0,'2019-03-21 06:29:15','2019-03-21 06:29:15'),
	(188,8,'Nikko Cummerata Jr.','Dolor exercitationem temporibus ipsa provident quo voluptatum. Doloribus laborum nisi sit quis. Et vitae quod quia deserunt.',3,'2019-03-21 06:29:15','2019-03-21 06:29:15'),
	(189,23,'Milton Moen','Veniam autem exercitationem esse ex labore iste et. Adipisci explicabo assumenda neque cum accusantium. Aut aut fugit et ab id. Aut sit optio iure mollitia expedita architecto sed.',4,'2019-03-21 06:29:15','2019-03-21 06:29:15'),
	(190,15,'Garrick Reilly','Totam quidem itaque natus dolores consectetur voluptas. Repellat iste voluptas dolore odit provident et. Vel molestiae rerum quod. Non consequatur minus excepturi ullam rerum qui.',2,'2019-03-21 06:29:15','2019-03-21 06:29:15'),
	(191,25,'Darby Mosciski','Ipsum nulla maxime maxime facilis sed ad. Facere sed omnis et quos. Quia labore minus illum ut quos eos ipsum. Rerum est et atque expedita deleniti. Dolorem deserunt voluptas et dignissimos.',0,'2019-03-21 06:29:15','2019-03-21 06:29:15'),
	(192,31,'Dr. Julien Bode','Nihil occaecati inventore ut deserunt natus itaque nihil vel. Laborum impedit qui necessitatibus molestias. Itaque consectetur voluptatem vel doloremque et. Ratione quae ipsam laudantium illo maiores eligendi error.',1,'2019-03-21 06:29:15','2019-03-21 06:29:15'),
	(193,4,'Jeanette Kutch','Velit sed recusandae non et molestias nesciunt possimus. Quo tempore voluptas quaerat dignissimos quisquam. Iste quisquam quidem aut rem omnis quam quia.',1,'2019-03-21 06:29:15','2019-03-21 06:29:15'),
	(194,33,'Prof. Kaia Sipes Jr.','Voluptate consequatur quia rem hic esse vitae. Tenetur possimus ad vel aut aspernatur. Non quis aperiam harum laudantium magnam est.',4,'2019-03-21 06:29:15','2019-03-21 06:29:15'),
	(195,35,'Mr. Rogelio Graham','Sit maxime error itaque recusandae aut. Odio sint pariatur voluptate non unde et cupiditate. Consequatur et ut consequatur quo molestiae aut tenetur. Sed officia reprehenderit a nisi adipisci.',2,'2019-03-21 06:29:15','2019-03-21 06:29:15'),
	(196,39,'Joshuah Schuster','Ducimus dignissimos et consequuntur enim voluptate. Voluptatibus quasi quo quasi atque fugiat amet. Sit placeat enim rem. Quia necessitatibus qui ut quis consequatur.',0,'2019-03-21 06:29:15','2019-03-21 06:29:15'),
	(197,7,'Ciara Greenfelder Jr.','Velit illo earum ut perspiciatis voluptatum non. Qui quis sunt praesentium enim architecto voluptates harum id. Vero qui maxime et quia est. Officia ducimus consequatur est quo libero vitae eligendi.',5,'2019-03-21 06:29:15','2019-03-21 06:29:15'),
	(198,27,'Bernice Kuvalis','Laboriosam rerum et quidem. Porro rerum at ut possimus rerum et molestiae aut. Inventore dolorem quidem est dolores.',2,'2019-03-21 06:29:15','2019-03-21 06:29:15'),
	(199,4,'Mrs. Jacinthe Gibson','Dolor dolorem sit eius tempore sunt facilis non quasi. Eum cupiditate aut omnis facilis alias. Aliquid voluptatem non consectetur maiores.',4,'2019-03-21 06:29:15','2019-03-21 06:29:15'),
	(200,43,'Ms. Clementina Welch MD','Dolor voluptates sint corporis eveniet quo odit. Natus consequatur corrupti impedit exercitationem sunt et. Molestias similique quas vero quas in. Tempore et natus nemo.',1,'2019-03-21 06:29:15','2019-03-21 06:29:15'),
	(201,30,'Dr. Salvador Terry Jr.','Voluptatum dolor maxime vero sunt consequatur enim quis. Aut nisi sequi sequi vitae enim animi molestias. Consequatur repudiandae error perspiciatis deserunt illo.',1,'2019-03-21 06:29:15','2019-03-21 06:29:15'),
	(202,32,'Ms. Ila Hermann','Quibusdam consequuntur aliquam quo libero voluptatem sed. Sed ea quo necessitatibus. Impedit iure vitae aut et.',0,'2019-03-21 06:29:15','2019-03-21 06:29:15'),
	(203,32,'Adele Ledner Sr.','Facere dolorem qui voluptas id. Eligendi tempore officia est consequuntur qui. Doloribus quia perspiciatis et.',0,'2019-03-21 06:29:15','2019-03-21 06:29:15'),
	(204,35,'Brendon Leffler','Qui corrupti quia qui. Id ea id ipsam aut numquam qui. Et iure voluptatibus vel cumque.',0,'2019-03-21 06:29:15','2019-03-21 06:29:15'),
	(205,48,'Keshaun Gottlieb','Veniam omnis ducimus itaque asperiores similique. Et possimus vitae optio. Ratione et dolores repellendus voluptate. Est in ut earum accusamus.',1,'2019-03-21 06:29:15','2019-03-21 06:29:15'),
	(206,7,'Prof. Eloisa Zboncak Sr.','Rem iusto vel sit hic aperiam tempore. Sunt aut ipsa maiores rerum totam ut. Aperiam doloremque optio non eos.',2,'2019-03-21 06:29:15','2019-03-21 06:29:15'),
	(207,43,'Devonte Labadie','Et molestiae non nulla quis natus sed. Officiis enim ut voluptates illo. Consequuntur facere tempora ut sunt at harum accusantium. Sunt voluptatibus dolores non inventore quia. Placeat vel neque nihil laudantium et ea quia nostrum.',2,'2019-03-21 06:29:15','2019-03-21 06:29:15'),
	(208,8,'Bryce Corwin','Sunt accusamus assumenda aut veritatis dignissimos aliquam. Autem consequatur quisquam repellendus.',3,'2019-03-21 06:29:15','2019-03-21 06:29:15'),
	(209,8,'Dorris Kessler','Deleniti id et corrupti nihil sapiente perferendis quia. Voluptatum exercitationem similique omnis vero nihil. Autem in nihil maxime. Consequatur consequatur provident rerum fuga. Vero ut tempore cumque assumenda molestiae ab.',0,'2019-03-21 06:29:15','2019-03-21 06:29:15'),
	(210,41,'Elbert Waelchi','Fuga quae nemo est sapiente. Nihil quis rem hic voluptatibus nostrum molestiae. Voluptatum eligendi et molestias ad sit officiis similique.',0,'2019-03-21 06:29:15','2019-03-21 06:29:15'),
	(211,28,'Otilia Medhurst','Suscipit aut nihil sit distinctio est quo. Quas fugit praesentium modi fugiat ea eius amet. Et nihil quidem sed dolor veniam harum veniam.',5,'2019-03-21 06:29:15','2019-03-21 06:29:15'),
	(212,37,'Miss Caroline Rempel IV','Nobis at eius recusandae voluptates saepe consequatur. Consectetur maxime laborum qui temporibus aut.',2,'2019-03-21 06:29:15','2019-03-21 06:29:15'),
	(213,30,'Edna Nikolaus IV','Aliquam perferendis qui sunt in esse et sed. Maiores illo fugit totam distinctio quo facere aut. Autem vel eius exercitationem. Velit velit et debitis est iusto mollitia sequi.',3,'2019-03-21 06:29:15','2019-03-21 06:29:15'),
	(214,24,'Jordane Treutel','Est voluptatum sapiente delectus aut consequatur. Ut repellendus earum aut nam cumque provident quia. Et molestiae quaerat quae exercitationem mollitia. Adipisci sed et eaque deserunt. Id similique quis quasi perspiciatis est ea sed.',5,'2019-03-21 06:29:15','2019-03-21 06:29:15'),
	(215,5,'Jeffrey Jacobs','Id a veritatis aut quia. Ea dolores autem corporis natus voluptate et. Perspiciatis velit ipsa quis.',5,'2019-03-21 06:29:15','2019-03-21 06:29:15'),
	(216,16,'Earl Bashirian','Quisquam soluta officiis corrupti rerum doloribus sed. Ea vero sit ipsam qui aut. Ipsam doloremque molestiae iusto autem doloribus libero. Maxime molestias consequatur ut quo iste repudiandae.',3,'2019-03-21 06:29:15','2019-03-21 06:29:15'),
	(217,35,'Lurline Hudson','Aut sint fuga et inventore eaque quas in. Nemo nam veritatis culpa eos. Qui omnis sunt laudantium. Illum voluptates sit ea quae tenetur.',5,'2019-03-21 06:29:15','2019-03-21 06:29:15'),
	(218,6,'Prof. Crawford Lang DVM','Numquam ratione tempora earum ut quaerat maiores saepe. Cumque voluptas repudiandae deserunt fugiat porro. Odit ut ratione provident ipsum laborum delectus laboriosam. Nemo aut perferendis aspernatur omnis harum.',5,'2019-03-21 06:29:15','2019-03-21 06:29:15'),
	(219,30,'Damaris Witting','Et nobis quia ratione sint beatae et doloremque voluptas. Impedit laborum qui voluptatum. Voluptatem nihil est autem dignissimos aliquid. Commodi sint est voluptas ipsam quia rerum.',1,'2019-03-21 06:29:15','2019-03-21 06:29:15'),
	(220,18,'Mrs. Antonina Koepp','Qui ex assumenda corporis voluptatem eum. Reiciendis et fugiat labore sed. Reiciendis rerum enim quia laborum nemo eius. Et totam sequi quae est.',1,'2019-03-21 06:29:15','2019-03-21 06:29:15'),
	(221,6,'Tatum Shields','Perspiciatis aut ipsam et tempore vel. Repellendus ut voluptate dolore assumenda sit necessitatibus sequi. Omnis omnis sint ut unde.',1,'2019-03-21 06:29:15','2019-03-21 06:29:15'),
	(222,25,'Bradley Yundt','Placeat nemo fugiat suscipit quod facilis. Officia rerum eos unde eos dolorum nemo. Dolore rem distinctio aspernatur veritatis. Porro minus quis veniam voluptas.',1,'2019-03-21 06:29:15','2019-03-21 06:29:15'),
	(223,11,'Lloyd Mills','Atque et iusto vero provident praesentium. Dolores unde eum quam iusto reprehenderit et error. Molestiae ducimus et nostrum quia.',4,'2019-03-21 06:29:15','2019-03-21 06:29:15'),
	(224,8,'Jacinto Hauck I','Voluptas dolor et voluptas. Et nemo voluptatum nihil itaque placeat. Incidunt minus amet et assumenda et vel.',2,'2019-03-21 06:29:15','2019-03-21 06:29:15'),
	(225,12,'Leila Haag','Recusandae minus unde praesentium asperiores assumenda. Placeat nostrum a cum est enim ab. Accusantium deserunt ducimus nemo nihil neque qui eos. Omnis illo voluptatem labore ut sed aut voluptatem.',5,'2019-03-21 06:29:15','2019-03-21 06:29:15'),
	(226,5,'Serenity McDermott','Fugit nihil consequuntur et dolorem quisquam beatae. Dolorem iure voluptate delectus dolorum et assumenda maiores. Et ex nobis est veritatis quo explicabo. Magnam voluptatem quas quos voluptatem saepe. Est odio incidunt nisi maxime nisi.',1,'2019-03-21 06:29:15','2019-03-21 06:29:15'),
	(227,10,'Prof. Enoch Brekke','Autem nisi quia veniam repellat officia quod. Quibusdam quia rerum nulla dolorem.',0,'2019-03-21 06:29:15','2019-03-21 06:29:15'),
	(228,13,'Prof. Scotty Waelchi','Impedit debitis necessitatibus nobis porro rerum. Sed cum ex id veritatis. Unde eos nemo ut laudantium numquam magnam distinctio.',4,'2019-03-21 06:29:15','2019-03-21 06:29:15'),
	(229,24,'Dr. Enrique Zemlak','Ut commodi est cupiditate quis eos dolor. Voluptas est minus rerum aut perferendis eius. Voluptatibus consequatur libero non laboriosam corporis fugit qui optio. Deleniti quia aut illo autem aperiam.',3,'2019-03-21 06:29:15','2019-03-21 06:29:15'),
	(230,34,'Woodrow Auer PhD','Saepe cum adipisci est officia. Debitis molestiae quaerat quia quasi ipsum qui.',2,'2019-03-21 06:29:15','2019-03-21 06:29:15'),
	(231,48,'Adolphus Larkin','Et qui fugiat modi qui eos. Quidem distinctio expedita provident sapiente. Ab dolorem sit eos explicabo voluptatem ducimus.',5,'2019-03-21 06:29:15','2019-03-21 06:29:15'),
	(232,22,'Mohammed Pfannerstill','Ea reprehenderit eum iure. Omnis quod ducimus sint omnis porro voluptatibus. Laudantium officia occaecati quam quod. Autem ad omnis repudiandae.',3,'2019-03-21 06:29:15','2019-03-21 06:29:15'),
	(233,2,'Lori Schmeler PhD','Non nemo non dolor. Iure cum asperiores possimus odit. Voluptatibus et sed sed vitae quia. Aut impedit dolore asperiores mollitia dolorem fugit.',4,'2019-03-21 06:29:15','2019-03-21 06:29:15'),
	(234,45,'Jamel O\'Conner','Aut minus omnis modi qui. Saepe in necessitatibus qui. Dignissimos aliquid incidunt ut quis sit minima qui.',2,'2019-03-21 06:29:15','2019-03-21 06:29:15'),
	(235,40,'Liana Schinner','Suscipit consequatur perferendis aut et. Voluptates dolorem voluptas illo sapiente vero. Eveniet veniam quia ut dolorem.',0,'2019-03-21 06:29:15','2019-03-21 06:29:15'),
	(236,30,'Novella Lowe','Nostrum soluta nam qui deleniti asperiores. Culpa consequuntur in officiis aut quos et aspernatur sit. Nemo a et esse vel. Dolores et repellat est vero velit deleniti laudantium. Vitae sed accusamus aliquam accusantium consequatur cum.',3,'2019-03-21 06:29:15','2019-03-21 06:29:15'),
	(237,36,'Mr. Darrel O\'Connell MD','Autem accusantium et doloribus deleniti reprehenderit. Esse sequi ea sapiente et. Sint rerum delectus ab numquam sit nihil ut.',4,'2019-03-21 06:29:15','2019-03-21 06:29:15'),
	(238,2,'Prof. Alejandrin Dibbert','Vitae nesciunt iure aliquam suscipit ut repellat. Dicta et sunt in qui et. Voluptates exercitationem voluptas est aut exercitationem esse. Sed non impedit fugit.',1,'2019-03-21 06:29:15','2019-03-21 06:29:15'),
	(239,50,'Yasmin Kutch','Velit officiis qui est explicabo quaerat sit voluptas. Error sequi nostrum qui vitae cumque possimus. Laudantium corrupti sit asperiores esse excepturi molestiae. Ullam rerum et repellat aut exercitationem pariatur rerum.',4,'2019-03-21 06:29:15','2019-03-21 06:29:15'),
	(240,35,'Arnulfo Jacobson','Nam eos molestiae aliquid rerum dolores ut. Qui nostrum at ut dolorem tempora. Et nobis voluptates occaecati aut blanditiis dicta magnam. Eius reiciendis adipisci ipsam voluptas.',0,'2019-03-21 06:29:15','2019-03-21 06:29:15'),
	(241,16,'Furman Miller','Illum aut nesciunt sit. Autem unde culpa unde. Et vitae sed expedita minus enim eius dolor.',0,'2019-03-21 06:29:15','2019-03-21 06:29:15'),
	(242,48,'Mr. Wyatt Rutherford Jr.','Reprehenderit nisi earum accusantium ut consequatur temporibus. Aspernatur id est at. Quia voluptate eligendi voluptatibus incidunt tempore enim eius. Et placeat iste et est consectetur.',3,'2019-03-21 06:29:15','2019-03-21 06:29:15'),
	(243,9,'Jessica West DVM','Est laboriosam est sed assumenda neque voluptatem. Tempora quis optio recusandae quia officia sunt. Necessitatibus qui dolorum porro et et. Ratione consectetur nulla quisquam inventore fugit nulla corrupti.',0,'2019-03-21 06:29:15','2019-03-21 06:29:15'),
	(244,37,'Dean Hamill','Enim et enim quasi. Et numquam velit nihil est et. Quibusdam nostrum consequatur saepe beatae voluptates.',0,'2019-03-21 06:29:15','2019-03-21 06:29:15'),
	(245,32,'Giovanna Leffler','Neque qui asperiores ut. Veniam similique ullam voluptas molestiae. Debitis reprehenderit est quae provident recusandae et.',4,'2019-03-21 06:29:15','2019-03-21 06:29:15'),
	(246,31,'Eleanora Rippin','Harum nemo a accusantium eos aspernatur qui qui. Suscipit facilis dolorem deleniti laborum aut qui vel. Repudiandae officia voluptatibus nostrum quod. At quae repellendus non ducimus alias accusantium dolore voluptatibus.',0,'2019-03-21 06:29:15','2019-03-21 06:29:15'),
	(247,38,'Miss Leda Harris DVM','Suscipit illum iure ut quia animi fuga nam. Et molestias veritatis consequatur molestiae dicta veniam. Esse quos architecto esse soluta voluptatem quo voluptas esse. Earum corporis veniam nobis consequatur.',3,'2019-03-21 06:29:15','2019-03-21 06:29:15'),
	(248,50,'Name Hayes','Quia ipsam rem eligendi omnis. Eum ipsam totam vel ex officia placeat et et. At voluptatem consequatur nemo debitis perspiciatis. At earum debitis dolores sed molestiae odit consequuntur.',5,'2019-03-21 06:29:15','2019-03-21 06:29:15'),
	(249,23,'Mr. Marquis Thiel DDS','Cupiditate et praesentium dolor quo facilis et qui explicabo. Aut illo quis qui ad vitae qui. Culpa quis voluptatem ut aut culpa est voluptas enim. Possimus quidem nihil in provident.',0,'2019-03-21 06:29:15','2019-03-21 06:29:15'),
	(250,43,'Madelynn Bashirian','Cum autem fugit est doloribus voluptatibus nesciunt explicabo. A quod laudantium eos autem nulla est. Exercitationem sed laborum deserunt omnis reiciendis. Quasi impedit illo inventore nisi omnis vel sint.',2,'2019-03-21 06:29:15','2019-03-21 06:29:15'),
	(251,35,'Prof. Raheem Zieme','Doloremque cupiditate iusto sunt corporis deserunt. Beatae porro unde eos ad sequi sapiente impedit. Est repudiandae in ducimus neque laborum ducimus saepe.',1,'2019-03-21 06:29:15','2019-03-21 06:29:15'),
	(252,2,'Hilton Rosenbaum V','Velit omnis odit id ratione totam iure. Maxime ullam omnis numquam saepe optio et accusamus. Dolores mollitia voluptas esse possimus.',4,'2019-03-21 06:29:15','2019-03-21 06:29:15'),
	(253,18,'Kyler Weber','Ut labore quis ex blanditiis doloribus assumenda ut. Sequi est deserunt ea neque. Quas rem maiores ut possimus quia consequatur in inventore.',3,'2019-03-21 06:29:15','2019-03-21 06:29:15'),
	(254,43,'Florida Swaniawski','Et natus explicabo exercitationem doloremque minus saepe eaque aut. Nesciunt voluptate qui quod molestias neque. Rerum est dolor ea animi. Voluptatem consequatur minus aut soluta voluptatem quisquam repellendus. Modi et sit tempore laboriosam aut dignissimos asperiores.',5,'2019-03-21 06:29:15','2019-03-21 06:29:15'),
	(255,10,'Jayden Ortiz','Autem sit amet impedit commodi laudantium perferendis quo. Libero voluptas ipsam eos quis rerum ut quisquam. Aliquid distinctio ut doloremque ratione veniam.',3,'2019-03-21 06:29:15','2019-03-21 06:29:15'),
	(256,50,'Kylie Rowe','Odit magni inventore aspernatur veritatis consequatur mollitia. Ad culpa quam sit quae deserunt aut et recusandae. Debitis distinctio ut voluptas quia.',1,'2019-03-21 06:29:15','2019-03-21 06:29:15'),
	(257,30,'Miss Chyna Rowe','Sed est sapiente molestiae soluta et ullam. Distinctio at eum ad aut et aut. Sapiente consectetur et illum sit velit. Laudantium id magni voluptas tempora.',1,'2019-03-21 06:29:15','2019-03-21 06:29:15'),
	(258,46,'Adell Dooley','Excepturi voluptatem repudiandae placeat. Veritatis quia excepturi repellat cupiditate ut nesciunt voluptatem. In ea explicabo harum reprehenderit.',1,'2019-03-21 06:29:15','2019-03-21 06:29:15'),
	(259,13,'Dayton Skiles','Quo fugit perspiciatis molestias molestias sunt nulla. Harum est repellat aut ipsam tempore amet. Est sunt omnis delectus dolor quia sapiente ratione sunt. Eveniet dolorem in placeat consequatur amet a deserunt.',2,'2019-03-21 06:29:15','2019-03-21 06:29:15'),
	(260,38,'Mrs. Daisha Emmerich','Aut sed et qui exercitationem dolores a. Laborum sit quibusdam dolore magni.',3,'2019-03-21 06:29:15','2019-03-21 06:29:15'),
	(261,41,'Anabel Rau','Nam ut iure non aut. Fuga suscipit molestias est perferendis labore. Et consequatur consequatur natus. Nihil qui recusandae fugiat quos eius aut. Non libero quam sed unde repellat.',2,'2019-03-21 06:29:15','2019-03-21 06:29:15'),
	(262,1,'Katlyn Pagac MD','Vero itaque inventore iste est perferendis perspiciatis molestias. Velit minima dolore quibusdam odit inventore eos. Repellendus minima distinctio non accusamus dolorum laudantium. Illum beatae tenetur fugit possimus est. Corrupti consequatur placeat quos non tempora eaque iure ut.',3,'2019-03-21 06:29:15','2019-03-21 06:29:15'),
	(263,38,'Prof. Macey Kessler','Iste quos ratione quia nesciunt suscipit deserunt doloribus. Nisi id beatae qui veritatis. Voluptates reprehenderit facere dolor non hic provident sunt. Rem fugit autem suscipit dolor et aperiam. Consequatur et repellat veniam repudiandae nesciunt unde.',1,'2019-03-21 06:29:15','2019-03-21 06:29:15'),
	(264,49,'Wilfredo Mosciski','Neque qui rerum quo velit quae omnis. Sunt reprehenderit beatae quaerat incidunt voluptatem explicabo. Quas adipisci delectus mollitia facere veniam labore tempora. Similique dolores accusamus corporis qui error doloribus.',2,'2019-03-21 06:29:15','2019-03-21 06:29:15'),
	(265,14,'Malachi Wyman IV','Vitae aliquam temporibus illum eaque enim. Ullam et earum culpa nesciunt quisquam saepe mollitia tempore. Assumenda autem facilis aut saepe voluptas veniam qui. Voluptas saepe dolor occaecati aut.',0,'2019-03-21 06:29:15','2019-03-21 06:29:15'),
	(266,16,'Connie Schowalter MD','Aut perspiciatis quisquam qui. Unde recusandae minima quia labore iure eos animi sint. Nemo nobis necessitatibus possimus et quidem deleniti nihil sed. Id sit magni ut.',5,'2019-03-21 06:29:15','2019-03-21 06:29:15'),
	(267,40,'Prof. Anibal Hansen','Est sint in eos. Eveniet aut in dolor omnis rerum voluptate eum. Mollitia nobis rerum tenetur.',4,'2019-03-21 06:29:15','2019-03-21 06:29:15'),
	(268,8,'Meghan O\'Connell','Quis consequatur enim libero a repellat dignissimos unde dignissimos. Nam nihil soluta numquam hic amet veritatis corrupti sit. Dolorem ab rerum facilis sunt corrupti.',2,'2019-03-21 06:29:15','2019-03-21 06:29:15'),
	(269,12,'Ignatius Ruecker I','Iste impedit excepturi in qui maiores fugit pariatur. Porro earum ut aut cum ut delectus error voluptas. Est praesentium asperiores eos omnis excepturi sequi. Consequuntur repellat alias expedita consequatur vel earum perspiciatis.',0,'2019-03-21 06:29:15','2019-03-21 06:29:15'),
	(270,21,'Adriel Wolf','Sunt alias vero fugit laboriosam placeat. Aut sed voluptatem quia necessitatibus id aliquid. Est nulla officiis inventore est quibusdam et minus eveniet.',4,'2019-03-21 06:29:15','2019-03-21 06:29:15'),
	(271,49,'Prof. Berniece Brakus','Ad ut nostrum non corporis consequatur mollitia. Rerum qui consectetur aut qui. Voluptatem vero aliquid et dolores necessitatibus quidem deleniti. Sint in magni delectus consequatur accusamus laudantium.',5,'2019-03-21 06:29:15','2019-03-21 06:29:15'),
	(272,36,'Elsa Homenick','Aut modi voluptas facilis sit. Quam enim voluptas voluptates harum. Quo dolor molestiae magni sed vero ut. Saepe temporibus ex repudiandae tempore.',3,'2019-03-21 06:29:15','2019-03-21 06:29:15'),
	(273,26,'Freida Okuneva','Numquam expedita velit omnis accusantium itaque hic. Exercitationem dolor nostrum sed consequatur.',2,'2019-03-21 06:29:15','2019-03-21 06:29:15'),
	(274,36,'Muriel Feeney','Tempore quia maiores repellat vel vel dolores. Non possimus eos et error sed. Eaque debitis labore sequi incidunt. Esse id qui ut tempora.',4,'2019-03-21 06:29:15','2019-03-21 06:29:15'),
	(275,12,'Brandt Zieme','Corporis et quidem sit voluptate maiores. Ut non natus omnis eos minima ad et. Debitis mollitia delectus consequatur aut.',4,'2019-03-21 06:29:15','2019-03-21 06:29:15'),
	(276,38,'Martin Cole','Ipsum voluptatem doloremque dolorem hic inventore. Debitis expedita natus vel rem et assumenda. Quasi quod explicabo et eos non beatae.',2,'2019-03-21 06:29:15','2019-03-21 06:29:15'),
	(277,18,'Noel Ernser','Commodi vero quisquam dolorem qui itaque eius. Dicta aut omnis atque sunt. Dolorem nihil libero aperiam facere.',4,'2019-03-21 06:29:15','2019-03-21 06:29:15'),
	(278,6,'Prof. Ellie Jaskolski','Et dolore eum omnis totam inventore qui. Non hic est et. Velit deserunt maiores quia tenetur.',2,'2019-03-21 06:29:15','2019-03-21 06:29:15'),
	(279,42,'Dr. Marvin Kautzer','Sit explicabo eius aut nihil. Molestiae adipisci alias iste autem architecto fuga magnam. Sint ab non facilis maxime. Quaerat similique non labore exercitationem et eveniet.',0,'2019-03-21 06:29:15','2019-03-21 06:29:15'),
	(280,7,'Mervin Grimes','Voluptatibus autem inventore est doloremque officiis dolorem. Dolor distinctio necessitatibus quidem optio quia rerum. Repellendus eos minima facere temporibus voluptatem ut rem.',5,'2019-03-21 06:29:15','2019-03-21 06:29:15'),
	(281,47,'Joy Weissnat','Voluptas deserunt error eaque sed dolores dolor eum. Molestiae reprehenderit repellendus quidem dolorum. Asperiores quo necessitatibus consequatur quibusdam aut quidem officiis. Enim vel quo quis.',3,'2019-03-21 06:29:15','2019-03-21 06:29:15'),
	(282,39,'Dr. Bryana Wunsch','Incidunt tempore cupiditate rem aspernatur itaque. Ea quidem qui ratione ut deserunt minus quidem. Aspernatur nulla et ipsam ab vitae.',5,'2019-03-21 06:29:15','2019-03-21 06:29:15'),
	(283,17,'Mr. Jillian Hyatt Jr.','Sint est aut illo et tenetur sed molestiae. Amet earum cupiditate omnis molestiae. Repudiandae nemo inventore vel quos. Dolores rerum perferendis omnis ea non recusandae consequatur. Aut aut debitis non non minus et voluptas.',5,'2019-03-21 06:29:15','2019-03-21 06:29:15'),
	(284,43,'Ashlynn Gleichner DVM','Praesentium quos cum voluptas quia dolor. Laudantium exercitationem qui nobis aut iure. Quae aperiam et est accusantium autem at. Voluptates optio laudantium autem dolor.',0,'2019-03-21 06:29:15','2019-03-21 06:29:15'),
	(285,32,'Bonita Zboncak','Quod dignissimos magni sit error ea tempora et quibusdam. Rerum sint est aliquam autem voluptatem. Laudantium nesciunt doloribus aperiam quam debitis repellat.',1,'2019-03-21 06:29:15','2019-03-21 06:29:15'),
	(286,27,'Dr. Grayson Gislason','Eum facilis amet vel earum iste voluptatem aliquam doloribus. Ea animi porro cupiditate dolor. Omnis rerum aut iure ea nostrum ipsam. Voluptatibus asperiores nam soluta laborum.',5,'2019-03-21 06:29:15','2019-03-21 06:29:15'),
	(287,30,'Elena Dare','Nemo laboriosam saepe quia eos provident praesentium magni. Alias voluptatem nobis fugiat vel. Ullam facere sed dolorum incidunt corrupti ut quis asperiores.',2,'2019-03-21 06:29:15','2019-03-21 06:29:15'),
	(288,11,'Austin Halvorson','Rerum rerum sit reprehenderit quam dolorem. Neque esse inventore praesentium qui harum amet voluptatem. Qui necessitatibus dolorem officia iste nisi. Omnis quos eos debitis molestias tenetur.',4,'2019-03-21 06:29:15','2019-03-21 06:29:15'),
	(289,14,'Michael Herman','Maiores eveniet numquam et animi occaecati voluptatem placeat. Omnis ipsam deserunt omnis aut quaerat consectetur. Et dolorem nulla hic asperiores illo doloribus. Reiciendis quae hic quisquam at.',3,'2019-03-21 06:29:15','2019-03-21 06:29:15'),
	(290,18,'Buddy Walter','Eum quia aut et est quos aut dolorem esse. Officia officiis et nihil commodi voluptatibus maxime. Ullam ipsam hic et voluptatem. Tenetur magni placeat aut et placeat repellat. Rerum suscipit suscipit debitis maxime facilis commodi enim eveniet.',1,'2019-03-21 06:29:15','2019-03-21 06:29:15'),
	(291,7,'Dr. Giovanny Emard','Reprehenderit ipsum rerum et sed optio sunt. Aspernatur incidunt quos ratione qui et neque voluptates. Est voluptatem sapiente reprehenderit earum. Accusantium et placeat rerum quae eius eum.',4,'2019-03-21 06:29:15','2019-03-21 06:29:15'),
	(292,40,'Zachary Franecki','Id officiis et et quis doloremque. Voluptatum tempora modi soluta dolores. Sed aut quia odio eligendi ut.',1,'2019-03-21 06:29:15','2019-03-21 06:29:15'),
	(293,47,'Fidel Blanda','Quod ut quisquam fugiat libero. Porro esse ex atque quis. Eaque labore quo velit numquam quidem. Corrupti et odio dolores nihil et.',2,'2019-03-21 06:29:15','2019-03-21 06:29:15'),
	(294,32,'Monte Larkin','Fuga non nobis harum et voluptas. Perferendis voluptate et temporibus quia iusto vitae eum pariatur.',5,'2019-03-21 06:29:15','2019-03-21 06:29:15'),
	(295,31,'Prof. Alfonzo Streich','At dolores culpa nostrum possimus commodi assumenda sed et. Iure ut non et culpa repellat qui. Consectetur qui et error deserunt at deserunt.',3,'2019-03-21 06:29:15','2019-03-21 06:29:15'),
	(296,2,'Guy Rau','Vero eligendi sed omnis qui sed qui. Sunt esse officiis dolores est et. Et rerum tempora perspiciatis enim quam. Voluptas commodi a molestias labore quia adipisci.',0,'2019-03-21 06:29:15','2019-03-21 06:29:15'),
	(297,48,'Mrs. Leilani Paucek DVM','Sunt officiis odio dolorum sint aut officia. Est error exercitationem est rerum culpa iusto. Aperiam architecto ut nostrum ut et cumque vel distinctio. Repellendus porro qui qui aut qui.',0,'2019-03-21 06:29:15','2019-03-21 06:29:15'),
	(298,33,'Dr. Orrin Abshire','Voluptatem rerum quibusdam error fugit voluptas qui. Provident maxime cum ex omnis quod voluptates. Vel similique alias et sed sed molestiae esse.',1,'2019-03-21 06:29:15','2019-03-21 06:29:15'),
	(299,44,'Loren Wisozk','Id magni culpa et iusto iusto. Iste cumque quae voluptate dolorem inventore eveniet commodi. Quia dicta officiis nihil error et esse.',4,'2019-03-21 06:29:15','2019-03-21 06:29:15'),
	(300,25,'Mr. Nels Bahringer Jr.','Deserunt rem doloribus consequatur dolorum modi. Natus quod hic optio non perferendis. Explicabo eos aut repudiandae architecto.',4,'2019-03-21 06:29:15','2019-03-21 06:29:15');

/*!40000 ALTER TABLE `reviews` ENABLE KEYS */;
UNLOCK TABLES;


# Dump of table users
# ------------------------------------------------------------

DROP TABLE IF EXISTS `users`;

CREATE TABLE `users` (
  `id` bigint(20) unsigned NOT NULL AUTO_INCREMENT,
  `name` varchar(255) COLLATE utf8mb4_unicode_ci NOT NULL,
  `email` varchar(255) COLLATE utf8mb4_unicode_ci NOT NULL,
  `email_verified_at` timestamp NULL DEFAULT NULL,
  `password` varchar(255) COLLATE utf8mb4_unicode_ci NOT NULL,
  `remember_token` varchar(100) COLLATE utf8mb4_unicode_ci DEFAULT NULL,
  `created_at` timestamp NULL DEFAULT NULL,
  `updated_at` timestamp NULL DEFAULT NULL,
  PRIMARY KEY (`id`),
  UNIQUE KEY `users_email_unique` (`email`)
) ENGINE=InnoDB DEFAULT CHARSET=utf8mb4 COLLATE=utf8mb4_unicode_ci;




/*!40111 SET SQL_NOTES=@OLD_SQL_NOTES */;
/*!40101 SET SQL_MODE=@OLD_SQL_MODE */;
/*!40014 SET FOREIGN_KEY_CHECKS=@OLD_FOREIGN_KEY_CHECKS */;
/*!40101 SET CHARACTER_SET_CLIENT=@OLD_CHARACTER_SET_CLIENT */;
/*!40101 SET CHARACTER_SET_RESULTS=@OLD_CHARACTER_SET_RESULTS */;
/*!40101 SET COLLATION_CONNECTION=@OLD_COLLATION_CONNECTION */;
